{
    "login_one": {
        "variant_label": "My Uploads One",
        "variant_name": "my_uploads_one",
        "image": "",
        "data": {
                "label1": "My Uploads",
                "label2": "UGC",
                "label3": "Minis",
                "label4": "Pending Approval",
                "label5": "Rejected",
                "label6": "Published",
                "label7": "No Contents present",
                "label8": "Confirming this action will remove this content  from your account. Do you want to proceed ?",
                "label9": "Play",
                "label10": "Watch Trailer",
                "label11": "Play All",
                "label12": "Are you sure, you want to delete this content ?",
                "label13": "Dismiss",
                "label14": "Proceed",
                "label15": "Upload" ,
                "label16": "Title" ,
                "label17": "Category" ,
                "label18": "Sub Category" ,
                "label19": "Description" ,
                "label20": "Upload Video" ,
                "label21": "Change Video", 
                "label22": "Filename" ,
                "label23": "Close" ,
                "label24": "Upload" 
        },
        "variable_data": {},
        "description": "",
        "page_tag": "*",
        "path": "my-uploads/my-uploads-one.js",
        "category": "muvi"
    }
}