{
    "like_favourite-share_content_one": {
        "variant_label": "Like Favourite Share Content One",
        "variant_name": "like_favourite-share_content_one",
        "image": "",
        "data": {
            "label1": "Password recovery",
            "label2": "Enter your registered email below to receive password reset instructions.",
            "label3": "SUBMIT",
            "label4": "Back to login"
        },
        "variable_data": {
            ":contentData": "contentData",
            ":likeReviewRatingsSettingsData": "likeReviewRatingsSettingsData",
            ":isFavouriteSettings": "isFavouriteSettings",
            ":contentUuid": "contentUuid",
            ":isPlayList": "isPlayList",
            ":shareVideoText": "shareVideoText",
            ":linkText": "linkText",
            ":socialText": "socialText"
        },
        "description": "",
        "page_tag": "*",
        "path": "like-favourite-share-content/like-favourite-share-content-one.js",
        "category": "muvi"
    },
    "like_favourite_share_content_two": {
        "variant_label": "Like Favourite Share Content Two",
        "variant_name": "like_favourite-share_content_two",
        "image": "",
        "data": {
            "label1": "Password recovery",
            "label2": "Enter your registered email below to receive password reset instructions.",
            "label3": "SUBMIT",
            "label4": "Back to login"
        },
        "variable_data": {
            ":contentData": "contentData",
            ":likeReviewRatingsSettingsData": "likeReviewRatingsSettingsData",
            ":isFavouriteSettings": "isFavouriteSettings",
            ":contentUuid": "contentUuid",
            ":isPlayList": "isPlayList",
            ":shareVideoText": "shareVideoText",
            ":linkText": "linkText",
            ":socialText": "socialText"
        },
        "description": "",
        "page_tag": "*",
        "path": "like-favourite-share-content/like-favourite-share-content-two.js",
        "category": "muvi"
    },
    "like_favourite_share_content_three": {
        "variant_label": "Like Favourite Share Content Three",
        "variant_name": "like_favourite-share_content_three",
        "image": "",
        "data": {
            "label1": "Password recovery",
            "label2": "Enter your registered email below to receive password reset instructions.",
            "label3": "SUBMIT",
            "label4": "Back to login"
        },
        "variable_data": {
            ":contentData": "contentData",
            ":likeReviewRatingsSettingsData": "likeReviewRatingsSettingsData",
            ":isFavouriteSettings": "isFavouriteSettings",
            ":contentUuid": "contentUuid",
            ":isPlayList": "isPlayList",
            ":shareVideoText": "shareVideoText",
            ":linkText": "linkText",
            ":socialText": "socialText"
        },
        "description": "",
        "page_tag": "*",
        "path": "like-favourite-share-content/like-favourite-share-content-three.js",
        "category": "muvi"
    },
    "like_favourite_share_content_four": {
        "variant_label": "Like Favourite Share Content Four",
        "variant_name": "like_favourite-share_content_four",
        "image": "",
        "data": {
            "label1": "Password recovery",
            "label2": "Enter your registered email below to receive password reset instructions.",
            "label3": "SUBMIT",
            "label4": "Back to login"
        },
        "variable_data": {
            ":contentData": "contentData",
            ":likeReviewRatingsSettingsData": "likeReviewRatingsSettingsData",
            ":isFavouriteSettings": "isFavouriteSettings",
            ":contentUuid": "contentUuid",
            ":isPlayList": "isPlayList",
            ":shareVideoText": "shareVideoText",
            ":linkText": "linkText",
            ":socialText": "socialText"
        },
        "description": "",
        "page_tag": "*",
        "path": "like-favourite-share-content/like-favourite-share-content-four.js",
        "category": "muvi"
    },
    "like_favourite-share_content_five": {
        "variant_label": "Like Favourite Share Content Five",
        "variant_name": "like_favourite-share_content_five",
        "image": "",
        "data": {
            "label1": "Password recovery",
            "label2": "Enter your registered email below to receive password reset instructions.",
            "label3": "SUBMIT",
            "label4": "Back to login"
        },
        "variable_data": {
            ":contentData": "contentData",
            ":likeReviewRatingsSettingsData": "likeReviewRatingsSettingsData",
            ":isFavouriteSettings": "isFavouriteSettings",
            ":contentUuid": "contentUuid",
            ":isPlayList": "isPlayList",
            ":shareVideoText": "shareVideoText",
            ":linkText": "linkText",
            ":socialText": "socialText"
        },
        "description": "",
        "page_tag": "*",
        "path": "like-favourite-share-content/like-favourite-share-content-five.js",
        "category": "muvi"
    },
    "like_favourite-share_content_nine": {
        "variant_label": "Like Favourite Share Content Nine",
        "variant_name": "like_favourite-share_content_nine",
        "image": "",
        "data": {
            "label1": "Password recovery",
            "label2": "Enter your registered email below to receive password reset instructions.",
            "label3": "SUBMIT",
            "label4": "Back to login"
        },
        "variable_data": {
            ":contentData": "contentData",
            ":likeReviewRatingsSettingsData": "likeReviewRatingsSettingsData",
            ":isFavouriteSettings": "isFavouriteSettings",
            ":contentUuid": "contentUuid",
            ":isPlayList": "isPlayList",
            ":shareVideoText": "shareVideoText",
            ":linkText": "linkText",
            ":socialText": "socialText"
        },
        "description": "This widget is used to show like, favourite and share options.",
        "page_tag": "content,player,playlist-details,category",
        "template_tag": "*",
        "path": "like-favourite-share-content/like-favourite-share-content-nine.js",
        "category": "muvi"
    }
}
