{
    "coming_soon_one": {
        "variant_label": "Coming Soon",
        "variant_name": "coming_soon_one",
        "image": "",
        "data": {
            "label1":"Coming Soon",
            "label2":"We can't wait to share what we have in store with you. Get ready to embark on an incredible journey with us.",
            "label3":"<a vd-name='facebook' href='javascripr:void(0)' rel='noopener noreferrer external' class=''><i class='fab fa-facebook-f'></i></a>",
            "label4":"<a vd-name='twitter' href='javascripr:void(0)' rel='noopener noreferrer external' class=''><i class='fa-brands fa-x-twitter'></i></a>",
            "label5":"<a vd-name='instagram' href='javascripr:void(0)' rel='noopener noreferrer external' class=''><i class='fab fa-instagram'></i></a>",
            "label6":"<a vd-name='youtube' href='javascripr:void(0)' rel='noopener noreferrer external' class=''><i class='fab fa-youtube'></i></a>",
            "label7":"&copy; 2023 Muvi LLC, All Rights Reserved."
        },
        "variable_data": {},
        "description": "",
        "page_tag": "*",
        "path": "coming-soon/coming-soon-one.js",
        "category": "muvi"
    }
}
