{
    "product_details_one": {
        "variant_label": "Product Details One",
        "variant_name": "product_details_one",
        "image": "",
        "data": {
            "label1": "Seasons",
            "label2": "..ReadMore",
            "label3": "Play",
            "label4": "Play",
            "label5": "Play All",
            "label6": "Watch Trailer",
            "label7": "Share this video",
            "label8": "Link",
            "label9": "Social",
            "label10": "All Seasons",
            "label11": "Episodes",
            "label12": "Play",
            "label13": "Watch Trailer",
            "label14": "Episodes",
            "label17": "Cast",
            "label18": "Seasons",
            "label19": "Play All",
            "label20": "View All",
            "label21": "All",
            "label22": "Free"
        },
        "variable_data": { ":isAuth": "isAuth" },
        "description": "This widget is used to show the contents.",
        "page_tag": "content",
        "template_tag": "*",
        "path": "product-details/product-details-one.js",
        "category": "muvi"
    },
    "product_details_two": {
        "variant_label": "Product Details Two",
        "variant_name": "product_details_two",
        "image": "",
        "data": {},
        "variable_data": {
            ":contentObj": "contentObj",
            ":contentUuid": "contentUuid",
            ":isPlaylist": "isPlaylist",
            ":contentData": "contentData",
            ":likeReviewRatingsSettingsDataAvailable": "likeReviewRatingsSettingsDataAvailable"
        },
        "description": "",
        "page_tag": "*",
        "path": "product-details/product-details-two.js",
        "category": "muvi"
    },
    "product_details_three": {
        "variant_label": "Product Details Three",
        "variant_name": "product_details_three",
        "image": "",
        "data": {
            "label1": "Seasons",
            "label2": "..ReadMore",
            "label3": "Play",
            "label4": "Play",
            "label5": "Play All",
            "label6": "Watch Trailer",
            "label7": "Share this video",
            "label8": "Link",
            "label9": "Social",
            "label10": "All Seasons",
            "label11": "Episodes",
            "label12": "Play",
            "label13": "Watch Trailer",
            "label14": "Episodes",
            "label17": "Cast",
            "label18": "Seasons",
            "label19": "Play All",
            "label20": "View All"
        },
        "variable_data": { ":isAuth": "isAuth" },
        "description": "",
        "page_tag": "*",
        "path": "product-details/product-details-three.js",
        "category": "muvi"
    },
    "product_details_four": {
        "variant_label": "Product Details Four",
        "variant_name": "product_details_four",
        "image": "",
        "data": {},
        "variable_data": {
            ":contentObj": "contentObj",
            ":contentUuid": "contentUuid",
            ":isPlaylist": "isPlaylist",
            ":contentData": "contentData",
            ":likeReviewRatingsSettingsDataAvailable": "likeReviewRatingsSettingsDataAvailable"
        },
        "description": "",
        "page_tag": "*",
        "path": "product-details/product-details-four.js",
        "category": "muvi"
    },
    "product_details_five": {
        "variant_label": "Product Details Five",
        "variant_name": "product_details_five",
        "image": "",
        "data": {
            "label1": "Seasons",
            "label2": "..ReadMore",
            "label3": "Play",
            "label4": "Play",
            "label5": "Play All",
            "label6": "Watch Trailer",
            "label7": "Share this video",
            "label8": "Link",
            "label9": "Social",
            "label10": "All Seasons",
            "label11": "Episodes",
            "label12": "Play",
            "label13": "Watch Trailer",
            "label14": "Episodes",
            "label17": "Cast",
            "label18": "Seasons",
            "label19": "Play All",
            "label20": "View All"
        },
        "variable_data": { ":isAuth": "isAuth" },
        "description": "",
        "page_tag": "*",
        "path": "product-details/product-details-five.js",
        "category": "muvi"
    },
    "product_details_six": {
        "variant_label": "Product Details Six",
        "variant_name": "product_details_six",
        "image": "",
        "data": {
            "label1": "Seasons",
            "label2": "..ReadMore",
            "label3": "Play",
            "label4": "Play",
            "label5": "Play All",
            "label6": "Watch Trailer",
            "label7": "Share this video",
            "label8": "Link",
            "label9": "Social",
            "label10": "All Seasons",
            "label11": "Episodes",
            "label12": "Play",
            "label13": "Watch Trailer",
            "label14": "Episodes",
            "label17": "Cast",
            "label18": "Seasons",
            "label19": "Play All",
            "label20": "View All"
        },
        "variable_data": { ":isAuth": "isAuth" },
        "description": "",
        "page_tag": "*",
        "path": "product-details/product-details-six.js",
        "category": "muvi"
    },
    "product_details_seven": {
        "variant_label": "Product Details Seven",
        "variant_name": "product_details_seven",
        "image": "",
        "data": {
            "label1": "Seasons",
            "label2": "..ReadMore",
            "label3": "Play",
            "label4": "Play",
            "label5": "Play All",
            "label6": "Watch Trailer",
            "label7": "Share this video",
            "label8": "Link",
            "label9": "Social",
            "label10": "All Seasons",
            "label11": "Episodes",
            "label12": "Play",
            "label13": "Watch Trailer",
            "label14": "Episodes",
            "label17": "Cast",
            "label18": "Seasons",
            "label19": "Play All",
            "label20": "View All",
            "label21": "All"
        },
        "variable_data": { ":isAuth": "isAuth" },
        "description": "This widget is used to show the contents.",
        "page_tag": "content",
        "template_tag": "*",
        "path": "product-details/product-details-seven.js",
        "category": "muvi"
    },
    "product_details_eight": {
        "variant_label": "Product Details Eight",
        "variant_name": "product_details_eight",
        "image": "",
        "data": {
            "label1": "Seasons",
            "label2": "..ReadMore",
            "label3": "Play",
            "label4": "Play",
            "label5": "Play All",
            "label6": "Watch Trailer",
            "label7": "Share this video",
            "label8": "Link",
            "label9": "Social",
            "label10": "All Seasons",
            "label11": "Episodes",
            "label12": "Play",
            "label13": "Watch Trailer",
            "label14": "Episodes",
            "label17": "Cast",
            "label18": "Seasons",
            "label19": "Play All",
            "label20": "View All"
        },
        "variable_data": { ":isAuth": "isAuth" },
        "description": "",
        "page_tag": "*",
        "path": "product-details/product-details-eight.js",
        "category": "muvi"
    },
    "product_details_nine": {
        "variant_label": "Product Details Nine",
        "variant_name": "product_details_nine",
        "image": "",
        "data": {
            "label1": "Seasons",
            "label2": "..ReadMore",
            "label3": "Play",
            "label4": "Play",
            "label5": "Play All",
            "label6": "Watch Trailer",
            "label7": "Share this video",
            "label8": "Link",
            "label9": "Social",
            "label10": "All Seasons",
            "label11": "Episodes",
            "label12": "Play",
            "label13": "Watch Trailer",
            "label14": "Episodes",
            "label17": "Cast",
            "label18": "Seasons",
            "label19": "Play All",
            "label20": "View All",
            "label21": "All",
            "label22": "Crew"
        },
        "variable_data": { ":isAuth": "isAuth" },
        "description": "",
        "page_tag": "*",
        "path": "product-details/product-details-nine.js",
        "category": "muvi"
    },
    "product_details_twelve": {
        "variant_label": "Product Details Twelve",
        "variant_name": "product_details_twelve",
        "image": "",
        "data": {
            "label1": "Seasons",
            "label2": "..ReadMore",
            "label3": "Play",
            "label4": "Play",
            "label5": "Play All",
            "label6": "Watch Trailer",
            "label7": "Share this video",
            "label8": "Link",
            "label9": "Social",
            "label10": "All Seasons",
            "label11": "Episodes",
            "label12": "Play",
            "label13": "Watch Trailer",
            "label14": "Episodes",
            "label17": "Cast",
            "label18": "Seasons",
            "label19": "Play All",
            "label20": "View All"
        },
        "variable_data": { ":isAuth": "isAuth" },
        "description": "This widget is used to show the contents.",
        "page_tag": "content",
        "template_tag": "*",
        "path": "product-details/product-details-twelve.js",
        "category": "muvi"
    }
}
