{
    "playlist_banner_one":
    {
        "variant_label": "Playlist Banner One",
        "variant_name": "playlist_banner_one",
        "image":"",
        "data": {"label2":"..ReadMore", "label3":"Play","label7":"Share this video","label8":"Link","label9":"Social","label12":"Play","label13":"Watch Trailer","label19":"Play All","label20":"Videos","label21":"Tracks"},
        "variable_data":{":isAuth":"isAuth", ":contentUuid":"contentUuid"},
        "description":"",
        "page_tag":"*",
        "path":"playlist-banner/playlist-banner-one.js",
        "category":"muvi"
    },
    "playlist_banner_five": {
        "variant_label": "Playlist Banner Five",
        "variant_name": "playlist_banner_five",
        "image": "",
        "data": {
            "label2": "..ReadMore",
            "label3": "Play",
            "label7": "Share this video",
            "label8": "Link",
            "label9": "Social",
            "label12": "Play",
            "label13": "Watch Trailer",
            "label19": "Play All",
            "label20": "Videos",
            "label21": "Tracks"
        },
        "variable_data": { ":isAuth": "isAuth", ":contentUuid": "contentUuid" },
        "description": "This widget is used to show banner of the playlist.",
        "page_tag": "playlist-details",
        "template_tag": "*",
        "path": "playlist-banner/playlist-banner-five.js",
        "category": "muvi"
    }
}