{
    "child_details_one": {
        "variant_label": "Child Details One",
        "variant_name": "child_details_one",
        "image": "",
        "data": {
            "label1": "Episodes of",
            "label2": "Play",
            "label3": "Play All",
            "label4": "Watch Trailer",
            "label5": "Play",
            "label6": "Watch Now"
        },
        "variable_data": { ":contentUuid": "contentUuid" },
        "description": "",
        "page_tag": "*",
        "path": "child-Details/child-Details-one.js",
        "category": "muvi"
    },
    "child_details_two": {
        "variant_label": "Child Details Two",
        "variant_name": "child_details_two",
        "image": "",
        "data": {
            "label1": "Episodes of",
            "label2": "Play",
            "label3": "Play All",
            "label4": "Watch Trailer",
            "label5": "Play",
            "label6": "Watch Now"
        },
        "variable_data": { ":contentUuid": "contentUuid" },
        "description": "",
        "page_tag": "*",
        "path": "child-Details/child-Details-two.js",
        "category": "muvi"
    }
}
