{
    "castcrew_list_one": {
        "variant_label": "Castcrew List One",
        "variant_name": "castcrew_list_one",
        "image": "",
        "data": { "label1": "View All", "label17": "Cast" },
        "variable_data": {},
        "description": "",
        "page_tag": "*",
        "path": "castcrew-list/castcrew-list-one.js",
        "category": "muvi"
    },
    "castcrew_list_three": {
        "variant_label": "Castcrew List Three",
        "variant_name": "castcrew_list_three",
        "image": "",
        "data": { "label1": "View All", "label17": "Cast" },
        "variable_data": {},
        "description": "",
        "page_tag": "*",
        "path": "castcrew-list/castcrew-list-three.js",
        "category": "muvi"
    },
    "castcrew_list_four": {
        "variant_label": "Castcrew List Four",
        "variant_name": "castcrew_list_four",
        "image": "",
        "data": { "label1": "View All", "label17": "Cast" },
        "variable_data": {},
        "description": "",
        "page_tag": "*",
        "path": "castcrew-list/castcrew-list-four.js",
        "category": "muvi"
    },
    "castcrew_list_five": {
        "variant_label": "Castcrew List Five",
        "variant_name": "castcrew_list_five",
        "image": "",
        "data": { "label1": "View All", "label17": "Cast", "label2": "Play Now", "label3": "Play", "label4":"Watch Trailer","label5": "Play All"},
        "variable_data": {},
        "description": "",
        "page_tag": "*",
        "path": "castcrew-list/castcrew-list-five.js",
        "category": "muvi",
        "template_tag" : "citrine"
    },
    "castcrew_list_nine": {
        "variant_label": "Castcrew List Nine",
        "variant_name": "castcrew_list_nine",
        "image": "",
        "data": { "label1": "View All", "label17": "Cast" },
        "variable_data": {},
        "description": "This widget is used to show list of cast associated with the content.",
        "page_tag": "content,player",
        "template_tag": "*",
        "path": "castcrew-list/castcrew-list-nine.js",
        "category": "muvi"
    }
}
