{
    "content_banner_one": {
        "variant_label": "Content Banner One",
        "variant_name": "content_banner_one",
        "image": "",
        "data": {
            "label2": "..ReadMore",
            "label3": "Play",
            "label7": "Share this video",
            "label8": "Link",
            "label9": "Social",
            "label12": "Play",
            "label13": "Watch Trailer",
            "label19": "Play All"
        },
        "variable_data": { ":isAuth": "isAuth" },
        "description": "",
        "page_tag": "*",
        "path": "content-banner/content-banner-one.js",
        "category": "muvi"
    },
    "content_banner_two": {
        "variant_label": "Content Banner Two",
        "variant_name": "content_banner_two",
        "image": "",
        "data": {
            "label2": "..ReadMore",
            "label3": "Play",
            "label7": "Share this video",
            "label8": "Link",
            "label9": "Social",
            "label12": "Play",
            "label13": "Watch Trailer",
            "label19": "Play All"
        },
        "variable_data": { ":isAuth": "isAuth" },
        "description": "",
        "page_tag": "*",
        "path": "content-banner/content-banner-two.js",
        "category": "muvi"
    },
    "content_banner_three": {
        "variant_label": "Content Banner Three",
        "variant_name": "content_banner_three",
        "image": "",
        "data": {
            "label2": "About this course",
            "label3": "Play",
            "label7": "Share this video",
            "label8": "Link",
            "label9": "Social",
            "label12": "Play",
            "label13": "Watch Trailer",
            "label19": "Play All",
            "label20": "What you'll learn",
            "label21": "Meet your instructor",
            "label22": "Syllabus",
            "label23": "..ReadMore",
            "label24": "Play",
            "label25": "Play All",
            "label26": "Watch Trailer",
            "label27": "Share this video",
            "label28": "All Seasons",
            "label29": "Episodes",
            "label30": "Cast",
            "label31": "Seasons",
            "label32": "View All"
        },
        "variable_data": { ":isAuth": "isAuth" },
        "description": "",
        "page_tag": "*",
        "path": "content-banner/content-banner-three.js",
        "category": "muvi",
        "template_tag" : "citrine"
    },
    "content_banner_six": {
        "variant_label": "Content Banner Six",
        "variant_name": "content_banner_six",
        "image": "",
        "data": {
            "label2": "ReadMore",
            "label3": "Play",
            "label7": "Share this video",
            "label8": "Link",
            "label9": "Social",
            "label12": "Play",
            "label13": "Watch Trailer",
            "label19": "Play All"
        },
        "variable_data": { ":isAuth": "isAuth" },
        "description": "This widget is used to show banner of the content.",
        "page_tag": "content",
        "template_tag": "*",
        "path": "content-banner/content-banner-six.js",
        "category": "muvi"
    }
}
