{
    "review_rating_one":
    {
        "variant_label": "Review Rating One",
        "variant_name": "review_rating_one",
        "image":"",
        "data": {"label1":"Ratings & Review","label2":"Add a review","label3":"Ratings","label4":"Review","label5":"Post Review","label6":"Data Exists"},
        "description":"",
        "variable_data":{},
        "page_tag":"*",
        "path":"reviewrating/reviewrating-one.js",
        "category":"muvi"
    },
    "review_rating_four": {
        "variant_label": "Review Rating Four",
        "variant_name": "review_rating_four",
        "image": "",
        "data": {
            "label1": "Ratings & Review",
            "label2": "Add a review",
            "label3": "Ratings",
            "label4": "Review",
            "label5": "Post Review",
            "label6": "Data Exists"
        },
        "variable_data": {},
        "description": "This widget is used to show the content reviews.",
        "page_tag": "playlist-details,player,content",
        "template_tag": "*",
        "path": "reviewrating/reviewrating-four.js",
        "category": "muvi"
    }
}