{
    "product_list_one": {
        "variant_label": "Product List One",
        "variant_name": "product_list_one",
        "image": "",
        "data": {
            "label1": "All Content",
            "label2": "Play",
            "label3": "Play",
            "label4": "Watch Trailer",
            "label5": "Play All"
        },
        "variable_data": { ":contentUuid": "contentUuid" },
        "description": "",
        "page_tag": "*",
        "path": "product-list/product-list-one.js",
        "category": "muvi"
    },
    "product_list_two": {
        "variant_label": "Product List Two",
        "variant_name": "product_list_two",
        "image": "",
        "data": {
            "label1": "All Content",
            "label2": "Play",
            "label3": "Play",
            "label4": "Watch Trailer",
            "label5": "Play All"
        },
        "variable_data": { ":contentUuid": "contentUuid" },
        "description": "",
        "page_tag": "*",
        "path": "product-list/product-list-two.js",
        "category": "muvi"
    },
    "product_list_three": {
        "variant_label": "Product List Three",
        "variant_name": "product_list_three",
        "image": "",
        "data": {
            "label1": "All Content",
            "label2": "Play",
            "label3": "Play",
            "label4": "Watch Trailer",
            "label5": "Play All",
            "label6":"Muvicademy",
            "label7": "caters to",
            "label9": "every need",
            "label10": "All",
            "label11": "eye",
            "label12": "here"
        },
        "variable_data": { ":contentUuid": "contentUuid" },
        "description": "",
        "page_tag": "*",
        "path": "product-list/product-list-three.js",
        "category": "muvi",
        "template_tag" : "citrine"
    }
}
