{
    "default_features_list_one": {
        "variant_label": "Default Features List One",
        "variant_name": "default_features_list_one",
        "image": "",
        "data": {
            "label1": "Play",
            "label2": "Watch Trailer",
            "label3": "Play All",
            "label4": "Play",
            "label5": "View All"
        },
        "variable_data": { ":contentUuid": "contentUuid" },
        "description": "",
        "page_tag": "*",
        "path": "default-featureslist/default-featureslist-one.js",
        "category": "muvi"
    },
    "default_features_list_two": {
        "variant_label": "Default Features List Two",
        "variant_name": "default_features_list_two",
        "image": "",
        "data": {
            "label1": "Play",
            "label2": "Watch Trailer",
            "label3": "Play All",
            "label4": "Play",
            "label5": "View All"
        },
        "variable_data": { ":contentUuid": "contentUuid" },
        "description": "",
        "page_tag": "*",
        "path": "default-featureslist/default-featureslist-two.js",
        "category": "muvi"
    },
    "default_features_list_three": {
        "variant_label": "Default Features List Three",
        "variant_name": "default_features_list_three",
        "image": "",
        "data": {
            "label1": "Play",
            "label2": "Watch Trailer",
            "label3": "Play All",
            "label4": "Play",
            "label5": "View All",
            "label6": "Featured Section",
            "label7": "All" 
        },
        "variable_data": { ":contentUuid": "contentUuid" },
        "description": "",
        "page_tag": "*",
        "path": "default-featureslist/default-featureslist-three.js",
        "category": "muvi",
        "template_tag" : "citrine"
    },
    "default_features_list_seven ": {
        "variant_label": "Default Features List Seven",
        "variant_name": "default_features_list_seven",
        "image": "",
        "data": {
            "label1": "Play",
            "label2": "Watch Trailer",
            "label3": "Play All",
            "label4": "Play",
            "label5": "View All"
        },
        "variable_data": { ":contentUuid": "contentUuid" },
        "description": "This widget is used to show all the featured sections",
        "page_tag": "*",
        "template_tag": "*",
        "path": "default-featureslist/default-featureslist-seven.js",
        "category": "muvi"
    },
    "default_features_list_eight": {
        "variant_label": "Default Features List eight",
        "variant_name": "default_featureslist_eight",
        "image": "",
        "data": {
            "label1": "A-lister <span class='text-blue'>tutors</span>",
            "label2": "Lorem ipsum dolor sit amet, consectetur adipiscing elit. Phasellus pulvinar sit mattis diam volutpat mauris, vitae. Nec ut pellentesque urna sagittis ut. Dignissim non, ac aliquet ipsum.",
            "label3": "<span>5K</span> Tutors",
            "label4": "<span>50K</span> Courses",
            "label5": "<span>4.9</span> Avg. rating",
            "label6": "<span>25K</span> Active user",
            "label7": "Register Now",
            "label8": "tutor-bg.png",
            "label9": "The <span class='text-blue'>insight</span> of the cockpit",
            "label10": "Lorem ipsum dolor sit amet, consectetur adipiscing elit. Phasellus pulvinar sit mattis diam volutpat mauris, vitae. Nec ut pellentesque urna sagittis ut. Dignissim non, ac aliquet ipsum.",
            "label11": "Sign In for 30 Days free trial",
            "label12": "insight.png",
            "label13": "Drop it here pick it <span class='text-blue'>there</span>",
            "label14": "Lorem ipsum dolor sit amet, consectetur adipiscing elit. Phasellus pulvinar sit mattis diam volutpat mauris, vitae. Nec ut pellentesque urna sagittis ut. Dignissim non, ac aliquet ipsum.",
            "label15": "app-store.png",
            "label16": "play-store.png",
            "label17": "device-placeholder.png"
        },
        "description": "This widget is used to show  sections for not loggedIn user",
        "page_tag": "*",
        "template_tag": "citrine",
        "path": "default-featureslist/default-featureslist-eight.js",
        "category": "muvi"
    }
}
