{
    "category_list_one": {
        "variant_label": "Category List One",
        "variant_name": "category_list_one",
        "image": "",
        "data": {
            "label1": "Play",
            "label2": "Watch Trailer",
            "label3": "Play All",
            "label4": "Play"
        },
        "variable_data": { ":contentUuid": "contentUuid" },
        "description": "",
        "page_tag": "*",
        "path": "category-list/category-list-one.js",
        "category": "muvi"
    },
    "category_list_two": {
        "variant_label": "Category List Two",
        "variant_name": "category_list_two",
        "image": "",
        "data": {
            "label1": "Play",
            "label2": "Watch Trailer",
            "label3": "Play All",
            "label4": "Play"
        },
        "variable_data": { ":contentUuid": "contentUuid" },
        "description": "",
        "page_tag": "*",
        "path": "category-list/category-list-two.js",
        "category": "muvi"
    },
    "category_list_three": {
        "variant_label": "Category List Three",
        "variant_name": "category_list_three",
        "image": "",
        "data": {
            "label1": "Play",
            "label2": "Watch Trailer",
            "label3": "Play All",
            "label4": "Play"
        },
        "variable_data": { ":contentUuid": "contentUuid" },
        "description": "",
        "page_tag": "*",
        "path": "category-list/category-list-three.js",
        "category": "muvi"
    },
    "category_list_seven": {
        "variant_label": "Category List Seven",
        "variant_name": "category_list_seven",
        "image": "",
        "data": {
            "label1": "Play",
            "label2": "Watch Trailer",
            "label3": "Play All",
            "label4": "Play"
        },
        "variable_data": { ":contentUuid": "contentUuid" },
        "description": "This widget is used to show list of contents associated with the category.",
        "page_tag": "category",
        "template_tag": "*",
        "path": "category-list/category-list-seven.js",
        "category": "muvi"
    }
}
