{
    "cookie_one": {
        "variant_label": "Cookie One",
        "variant_name": "cookie_one",
        "image": "",
        "data": {
            "label1": "Allow Cookie",
            "label2": "Dismiss",
            "label3": "Agree &amp; Proceed",
            "label4": "Customize",
            "label5": "Accept All",
            "label6": "Customize Consent Preferences",
            "label7": "Save"
        },
        "variable_data": {},
        "description": "",
        "page_tag": "*",
        "path": "cookie/cookie-one.js",
        "category": "muvi"
    },
    "cookie_two": {
        "variant_label": "Cookie Two",
        "variant_name": "cookie_two",
        "image": "",
        "data": {
            "label1": "Allow Cookie",
            "label2": "Dismiss",
            "label3": "Agree &amp; Proceed",
            "label4": "Customize",
            "label5": "Accept All",
            "label6": "Customize Consent Preferences",
            "label7": "Save"
        },
        "variable_data": {},
        "description": "",
        "page_tag": "*",
        "path": "cookie/cookie-two.js",
        "category": "muvi"
    },
    "cookie_three": {
        "variant_label": "Cookie Three",
        "variant_name": "cookie_three",
        "image": "",
        "data": {
            "label1": "Allow Cookie",
            "label2": "Dismiss",
            "label3": "Agree &amp; Proceed",
            "label4": "Customize",
            "label5": "Accept All",
            "label6": "Customize Consent Preferences",
            "label7": "Save"
        },
        "variable_data": {},
        "description": "",
        "page_tag": "*",
        "path": "cookie/cookie-three.js",
        "category": "muvi"
    },
    "cookie_four": {
        "variant_label": "Cookie Four",
        "variant_name": "cookie_four",
        "image": "",
        "data": {
            "label1": "Allow Cookie",
            "label2": "Dismiss",
            "label3": "Agree &amp; Proceed",
            "label4": "Customize",
            "label5": "Accept All",
            "label6": "Customize Consent Preferences",
            "label7": "Save"
        },
        "variable_data": {},
        "description": "",
        "page_tag": "*",
        "path": "cookie/cookie-four.js",
        "category": "muvi"
    },
    "cookie_five": {
        "variant_label": "Cookie Five",
        "variant_name": "cookie_five",
        "image": "",
        "data": {
            "label1": "Allow Cookie",
            "label2": "Dismiss",
            "label3": "Agree &amp; Proceed",
            "label4": "Customize",
            "label5": "Accept All",
            "label6": "Customize Consent Preferences",
            "label7": "Save"
        },
        "variable_data": {},
        "description": "",
        "page_tag": "*",
        "path": "cookie/cookie-five.js",
        "category": "muvi"
    },
    "cookie_six": {
        "variant_label": "Cookie Six",
        "variant_name": "cookie_six",
        "image": "",
        "data": {
            "label1": "Allow Cookie",
            "label2": "Dismiss",
            "label3": "Agree &amp; Proceed",
            "label4": "Customize",
            "label5": "Accept All",
            "label6": "Customize Consent Preferences",
            "label7": "Save"
        },
        "variable_data": {},
        "description": "",
        "page_tag": "*",
        "path": "cookie/cookie-six.js",
        "category": "muvi"
    },
    "cookie_seven": {
        "variant_label": "Cookie Seven",
        "variant_name": "cookie_seven",
        "image": "",
        "data": {
            "label1": "Allow Cookie",
            "label2": "Dismiss",
            "label3": "Agree &amp; Proceed",
            "label4": "Customize",
            "label5": "Accept All",
            "label6": "Customize Consent Preferences",
            "label7": "Save"
        },
        "variable_data": {},
        "description": "",
        "page_tag": "*",
        "path": "cookie/cookie-seven.js",
        "category": "muvi"
    }
}