{
    "multilingual_one":
    {
        "variant_label": "Multilingual One",
        "variant_name": "multilingual_one",
        "image":"",
        "data": {},
        "variable_data":{},
        "description":"",
        "page_tag":"*",
        "path":"multilingual/multilingual-one.js",
        "category":"muvi"
    },
    "multilingual_two":
    {
        "variant_label": "Multilingual Two",
        "variant_name": "multilingual_two",
        "image":"",
        "data": {},
        "variable_data":{},
        "description":"",
        "page_tag":"*",
        "path":"multilingual/multilingual-two.js",
        "category":"muvi"
    },
    "multilingual_three":
    {
        "variant_label": "Multilingual Three",
        "variant_name": "multilingual_three",
        "image":"",
        "data": {},
        "variable_data":{},
        "description":"",
        "page_tag":"*",
        "path":"multilingual/multilingual-three.js",
        "category":"muvi"
    }
}