{
    "contact_us_one": {
        "variant_label": "Contact Us One",
        "variant_name": "contact_us_one",
        "image": "",
        "data": {
            "label1": "Contact Us",
            "label2": "Contact Us",
            "label3": "contact@phoenixtv.com",
            "label4": "Send Message"
        },
        "variable_data": {},
        "description": "",
        "page_tag": "*",
        "path": "contact-us/contact-us-one.js",
        "category": "muvi"
    },
    "contact_us_two": {
        "variant_label": "Contact Us Two",
        "variant_name": "contact_us_two",
        "image": "",
        "data": {
            "label1": "Contact Us",
            "label2": "Contact Us",
            "label3": "contact@phoenixtv.com",
            "label4": "Send Message"
        },
        "variable_data": {},
        "description": "",
        "page_tag": "*",
        "path": "contact-us/contact-us-two.js",
        "category": "muvi"
    },
    "contact_us_three": {
        "variant_label": "Contact Us Three",
        "variant_name": "contact_us_three",
        "image": "",
        "data": {
            "label1": "Contact Details",
            "label2": "Our Contacts",
            "label3": "contact@phoenixtv.com",
            "label4": "Send Message",
            "label5": "I want to change my account related information",
            "label7":"Our location",
"label8":"6th block, Delhi, India",
"label9":"Call Us",
"label10":"+91 9876543210" ,
"label11":"Email us to get Information",
"label12":"Get In Touch"
        },
        "variable_data": {},
        "description": "",
        "page_tag": "*",
        "path": "contact-us/contact-us-three.js",
        "category": "muvi"
    },
    "contact_us_seven": {
        "variant_label": "Contact Us Seven",
        "variant_name": "contact_us_seven",
        "image": "",
        "data": {
            "label1": "Contact Us",
            "label2": "Contact Us",
            "label3": "contact@phoenixtv.com",
            "label4": "Send Message"
        },
        "variable_data": {},
        "description": "",
        "page_tag": "*",
        "path": "contact-us/contact-us-seven.js",
        "category": "muvi"
    }
}
