{
    "purchase_history_one": {
        "variant_label": "Purchase History One",
        "variant_name": "purchase_history_one",
        "image": "",
        "data": {
            "label1": "Purchase History",
            "label2": "Receipt",
            "label3": "No data found"
        },
        "variable_data": { ":tab": "tab" },
        "description": "",
        "page_tag": "*",
        "path": "purchase-history/purchase-history-one.js",
        "category": "muvi"
    },
    "purchase_history_two": {
        "variant_label": "Purchase History Two",
        "variant_name": "purchase_history_two",
        "image": "",
        "data": {
            "label1": "Purchase History",
            "label2": "Receipt",
            "label3": "No data found"
        },
        "variable_data": { ":tab": "tab" },
        "description": "",
        "page_tag": "*",
        "path": "purchase-history/purchase-history-two.js",
        "category": "muvi"
    },
    "purchase_history_three": {
        "variant_label": "Purchase History Three",
        "variant_name": "purchase_history_three",
        "image": "",
        "data": {
            "label1": "Purchase History",
            "label2": "Receipt",
            "label3": "No data found"
        },
        "variable_data": { ":tab": "tab" },
        "description": "",
        "page_tag": "*",
        "path": "purchase-history/purchase-history-three.js",
        "category": "muvi"
    }
}
