{
    "cast_filmography_one": {
        "variant_label": "Cast Filmography One",
        "variant_name": "cast_filmography_one",
        "image": "",
        "data": {
            "label1": "Play",
            "label2": "Watch Trailer",
            "label3": "Play All",
            "label4": "Videos",
            "label5": "Audios",
            ":cast": "cast"
        },
        "variable_data": { ":cast": "cast" },
        "description": "",
        "page_tag": "cast-details",
        "path": "cast-filmography/cast-filmography-one.js",
        "category": "muvi"
    },
    "cast_filmography_two": {
        "variant_label": "Cast Filmography Two",
        "variant_name": "cast_filmography_two",
        "image": "",
        "data": {
            "label1": "Play",
            "label2": "Watch Trailer",
            "label3": "Play All",
            "label4": "Videos",
            "label5": "Audios",
            ":cast": "cast"
        },
        "variable_data": { ":cast": "cast" },
        "description": "",
        "page_tag": "cast-details",
        "path": "cast-filmography/cast-filmography-two.js",
        "category": "muvi"
    },
    "cast_filmography_three": {
        "variant_label": "Cast Filmography Three",
        "variant_name": "cast_filmography_three",
        "image": "",
        "data": {
            "label1": "Play",
            "label2": "Watch Trailer",
            "label3": "Play All",
            "label4": "My Course",
            "label5": "Audios",
            ":cast": "cast"
        },
        "variable_data": { ":cast": "cast" },
        "description": "",
        "page_tag": "cast-details",
        "path": "cast-filmography/cast-filmography-three.js",
        "category": "muvi",
        "template_tag" : "citrine"
    },
    "cast_filmography_seven": {
        "variant_label": "Cast Filmography Seven",
        "variant_name": "cast_filmography_seven",
        "image": "",
        "data": {
            "label1": "Play",
            "label2": "Watch Trailer",
            "label3": "Play All",
            "label4": "Videos",
            "label5": "Audios"
        },
        "variable_data": { ":cast": "cast" },
        "description": "This widget is used to show filmography of the cast.",
        "page_tag": "cast-details",
        "template_tag": "*",
        "path": "cast-filmography/cast-filmography-seven.js",
        "category": "muvi"
    }
}
