{
    "codebase_tv_login_one": {
        "variant_label": "Codebase Tv Login One",
        "variant_name": "codebase_tv_login_one",
        "image": "",
        "data": {

            "label1":"Hi",
            "label2":"Enter the code displayed on your TV",
            "label3":"Connect",
            "label4":"Congratulations !",
            "label5":"Connected to TV successfully!",
            "label6":"Now you can close this tab"
        },
        "variable_data": { },
        "description": "",
        "page_tag": "*",
        "path": "codebase-tv-login/codebase-tv-login-one.js",
        "category": "muvi"
    }
}