{
    "content_views_one": {
        "variant_label": "Content Views One",
        "variant_name": "content_views_one",
        "image": "",
        "data": {},
        "variable_data": { ":content_uuid": "content_uuid" },
        "description": "",
        "page_tag": "*",
        "path": "content-views/content-views-one.js",
        "category": "muvi"
    },
    "content_views_two": {
        "variant_label": "Content Views Two",
        "variant_name": "content_views_two",
        "image": "",
        "data": {},
        "variable_data": { ":content_uuid": "content_uuid" },
        "description": "",
        "page_tag": "*",
        "path": "content-views/content-views-two.js",
        "category": "muvi"
    }
}
