{
    "cast_banner_one": {
        "variant_label": "Cast Banner One",
        "variant_name": "cast_banner_one",
        "image": "",
        "data": {},
        "variable_data": { ":cast": "cast" },
        "description": "",
        "page_tag": "*",
        "path": "cast-banner/cast-banner-one.js",
        "category": "muvi"
    },
    "cast_banner_two": {
        "variant_label": "Cast Banner Two",
        "variant_name": "cast_banner_two",
        "image": "",
        "data": {},
        "variable_data": { ":cast": "cast" },
        "description": "",
        "page_tag": "*",
        "path": "cast-banner/cast-banner-two.js",
        "category": "muvi"
    },
    "cast_banner_three": {
        "variant_label": "Cast Banner Three",
        "variant_name": "cast_banner_three",
        "image": "",
        "data": {},
        "variable_data": { ":cast": "cast" },
        "description": "",
        "page_tag": "*",
        "path": "cast-banner/cast-banner-three.js",
        "category": "muvi"
    },
    "cast_banner_six": {
        "variant_label": "Cast Banner Six",
        "variant_name": "cast_banner_six",
        "image": "",
        "data": {},
        "variable_data": { ":cast": "cast" },
        "description": "This widget is used to show information about the cast.",
        "page_tag": "cast-details",
        "template_tag": "*",
        "path": "cast-banner/cast-banner-six.js",
        "category": "muvi"
    }
}
