{
    "all_plan_one": {
        "variant_label": "All Plan One",
        "variant_name": "all_plan_one",
        "image": "",
        "data": {
            "label1": "Choose a plan",
            "label2": "Watch on Apps",
            "label3": "Access our entire library for unlimited binging on the culture",
            "label4": "Member-only events & VIP passes",
            "label5": "Access to all of our trailers",
            "label6": "Weekly digest of the latest films, up- dates, news & more",
            "label7": "Proceed to Checkout",
            "label8": "Subscribe"
        },
        "variable_data": { ":label7": "label7", ":label8": "label8" },
        "description": "",
        "page_tag": "*",
        "path": "allplan/allplan-one.js",
        "category": "muvi"
    },
    "all_plan_two": {
        "variant_label": "All Plan Two",
        "variant_name": "all_plan_two",
        "image": "",
        "data": {
            "label1": "Choose a plan",
            "label2": "Watch on Apps",
            "label3": "Access our entire library for unlimited binging on the culture",
            "label4": "Member-only events & VIP passes",
            "label5": "Access to all of our trailers",
            "label6": "Weekly digest of the latest films, up- dates, news & more",
            "label7": "Proceed to Checkout",
            "label8": "Subscribe"
        },
        "variable_data": { ":label7": "label7", ":label8": "label8" },
        "description": "",
        "page_tag": "*",
        "path": "allplan/allplan-two.js",
        "category": "muvi"
    },
    "all_plan_three": {
        "variant_label": "All Plan Three",
        "variant_name": "all_plan_three",
        "image": "",
        "data": {
            "label1": "Choose a plan",
            "label2": "Watch on Apps",
            "label3": "Access our entire library for unlimited binging on the culture",
            "label4": "Member-only events & VIP passes",
            "label5": "Access to all of our trailers",
            "label6": "Weekly digest of the latest films, up- dates, news & more",
            "label7": "Proceed to Checkout",
            "label8": "Subscribe"
        },
        "variable_data": { ":label7": "label7", ":label8": "label8" },
        "description": "",
        "page_tag": "*",
        "path": "allplan/allplan-three.js",
        "category": "muvi"
    },
    "all_plan_seven": {
        "variant_label": "All Plan Seven",
        "variant_name": "all_plan_seven",
        "image": "",
        "data": {
            "label1": "Choose a plan",
            "label2": "Watch on Apps",
            "label3": "Access our entire library for unlimited binging on the culture",
            "label4": "Member-only events & VIP passes",
            "label5": "Access to all of our trailers",
            "label6": "Weekly digest of the latest films, up- dates, news & more",
            "label7": "Checkout",
            "label8": "Subscribe"
        },
        "variable_data": { ":label7": "label7", ":label8": "label8" },
        "description": "",
        "page_tag": "*",
        "path": "allplan/allplan-seven.js",
        "category": "muvi"
    }
}
