{
    "watch_history_one": {
        "variant_label": "Warch History One",
        "variant_name": "watch_history_one",
        "image": "",
        "data": { "label1": "Watch History", "label2": "No data found", "label3":"Free" },
        "variable_data": { ":tab": "tab", ":contentUuid": "contentUuid" },
        "description": "",
        "page_tag": "*",
        "path": "watch-history/watch-history-one.js",
        "category": "muvi"
    },
    "watch_history_two": {
        "variant_label": "Warch History Two",
        "variant_name": "watch_history_two",
        "image": "",
        "data": { "label1": "Watch History", "label2": "No data found" },
        "variable_data": { ":tab": "tab", ":contentUuid": "contentUuid" },
        "description": "",
        "page_tag": "*",
        "path": "watch-history/watch-history-two.js",
        "category": "muvi"
    },
    "watch_history_three": {
        "variant_label": "Warch History Three",
        "variant_name": "watch_history_three",
        "image": "",
        "data": { "label1": "Watch History", "label2": "No data found" },
        "variable_data": { ":tab": "tab", ":contentUuid": "contentUuid" },
        "description": "",
        "page_tag": "*",
        "path": "watch-history/watch-history-three.js",
        "category": "muvi"
    },
    "watch_history_four": {
        "variant_label": "Warch History Four",
        "variant_name": "watch_history_four",
        "image": "",
        "data": { "label1": "Watch History", "label2": "No data found" },
        "variable_data": { ":tab": "tab", ":contentUuid": "contentUuid" },
        "description": "",
        "page_tag": "*",
        "path": "watch-history/watch-history-four.js",
        "category": "muvi",
        "template_tag" : "citrine"
    },
    "watch_history_five": {
        "variant_label": "Warch History Five",
        "variant_name": "watch_history_five",
        "image": "",
        "data": { "label1": "Watch History", "label2": "No data found" },
        "variable_data": { ":tab": "tab", ":contentUuid": "contentUuid" },
        "description": "",
        "page_tag": "*",
        "path": "watch-history/watch-history-five.js",
        "category": "muvi",
        "template_tag" : "citrine"
    },
    "watch_history_eight": {
        "variant_label": "Warch History Eight",
        "variant_name": "watch_history_eight",
        "image": "",
        "data": { "label1": "Watch History", "label2": "No data found" },
        "variable_data": { ":tab": "tab", ":contentUuid": "contentUuid" },
        "description": "",
        "page_tag": "*",
        "path": "watch-history/watch-history-eight.js",
        "category": "muvi"
    }
}
