{
    "related_content_one": {
        "variant_label": "Related Content One",
        "variant_name": "related_content_one",
        "image": "",
        "data": {
            "label1": "Related Contents",
            "label2": "Play",
            "label3": "Play",
            "label4": "Watch Trailer",
            "label5": "Play All",
            "label6": "Play",
            "label7": "View All"
        },
        "variable_data": { ":contentUuid": "contentUuid" },
        "description": "This widget is used to show the related contents in a carousel.",
        "page_tag": "content,player",
        "template_tag": "*",
        "path": "related-content/related-content-one.js",
        "category": "muvi"
    },
    "related_content_two": {
        "variant_label": "Related Content Two",
        "variant_name": "related_content_two",
        "image": "",
        "data": {
            "label1": "Related Contents of",
            "label2": "Play",
            "label4": "Watch Trailer",
            "label5": "Play All",
            "label6": "Play",
            "label7": "Related Playlist of"
        },
        "variable_data": { ":contentUuid": "contentUuid" },
        "description": "This widget is used to show the related contents.",
        "page_tag": "related-content-list,content,player",
        "template_tag": "*",
        "path": "related-content/related-content-two.js",
        "category": "muvi"
    },
    "related_content_three": {
        "variant_label": "Related Content Three",
        "variant_name": "related_content_three",
        "image": "",
        "data": {
            "label1": "Related Contents",
            "label2": "Play",
            "label3": "Play",
            "label4": "Watch Trailer",
            "label5": "Play All",
            "label6": "Play",
            "label7": "View All"
        },
        "variable_data": { ":contentUuid": "contentUuid" },
        "description": "",
        "page_tag": "*",
        "path": "related-content/related-content-three.js",
        "category": "muvi"
    },
    "related_content_four": {
        "variant_label": "Related Content Four",
        "variant_name": "related_content_four",
        "image": "",
        "data": {
            "label1": "Related Contents of",
            "label2": "Play",
            "label4": "Watch Trailer",
            "label5": "Play All",
            "label6": "Play"
        },
        "variable_data": { ":contentUuid": "contentUuid" },
        "description": "",
        "page_tag": "*",
        "path": "related-content/related-content-four.js",
        "category": "muvi"
    },
    "related_content_five": {
        "variant_label": "Related Content Five",
        "variant_name": "related_content_five",
        "image": "",
        "data": {
            "label1": "Related Contents",
            "label2": "Play",
            "label3": "Play",
            "label4": "Watch Trailer",
            "label5": "Play All",
            "label6": "Play",
            "label7": "View All"
        },
        "variable_data": { ":contentUuid": "contentUuid" },
        "description": "",
        "page_tag": "*",
        "path": "related-content/related-content-five.js",
        "category": "muvi"
    },
    "related_content_six": {
        "variant_label": "Related Content Six",
        "variant_name": "related_content_six",
        "image": "",
        "data": {
            "label1": "Related Contents",
            "label2": "Play",
            "label3": "Play",
            "label4": "Watch Trailer",
            "label5": "Play All",
            "label6": "Play",
            "label7": "View All"
        },
        "variable_data": { ":contentUuid": "contentUuid" },
        "description": "",
        "page_tag": "*",
        "path": "related-content/related-content-six.js",
        "category": "muvi"
    },
    "related_content_seven": {
        "variant_label": "Related Content Seven",
        "variant_name": "related_content_seven",
        "image": "",
        "data": {
            "label1": "Related Contents",
            "label2": "Play",
            "label3": "Play",
            "label4": "Watch Trailer",
            "label5": "Play All",
            "label6": "Play",
            "label7": "View All"
        },
        "variable_data": { ":contentUuid": "contentUuid" },
        "description": "",
        "page_tag": "*",
        "path": "related-content/related-content-seven.js",
        "category": "muvi"
    },
    "related_content_eight": {
        "variant_label": "Related Content Eight",
        "variant_name": "related_content_eight",
        "image": "",
        "data": {
            "label1": "Related Contents",
            "label2": "Play",
            "label3": "Play",
            "label4": "Watch Trailer",
            "label5": "Play All",
            "label6": "Play",
            "label7": "View All"
        },
        "variable_data": { ":contentUuid": "contentUuid" },
        "description": "This widget is used to show the related contents in a carousel.",
        "page_tag": "content,player",
        "template_tag": "*",
        "path": "related-content/related-content-eight.js",
        "category": "muvi"
    },
    "related_content_nine": {
        "variant_label": "Related Content Nine",
        "variant_name": "related_content_nine",
        "image": "",
        "data": {
            "label1": "Related Contents",
            "label2": "Play",
            "label3": "Play",
            "label4": "Watch Trailer",
            "label5": "Play All",
            "label6": "Play",
            "label7": "View All"
        },
        "variable_data": { ":contentUuid": "contentUuid" },
        "description": "This widget is used to show the related contents in a carousel.",
        "page_tag": "content,player",
        "template_tag": "*",
        "path": "related-content/related-content-nine.js",
        "category": "muvi"
    },
    "related_content_ten": {
        "variant_label": "Related Content Ten",
        "variant_name": "related_content_ten",
        "image": "",
        "data": {
            "label1": "Related Contents of",
            "label2": "Play",
            "label4": "Watch Trailer",
            "label5": "Play All",
            "label6": "Play",
            "label7": "Related Playlist of"
        },
        "variable_data": { ":contentUuid": "contentUuid" },
        "description": "This widget is used to show the related contents.",
        "page_tag": "related-content-list,content,player",
        "template_tag": "*",
        "path": "related-content/related-content-ten.js",
        "category": "muvi"
    }
}
