{
    "profile_one": {
        "variant_label": "Profile One",
        "variant_name": "profile_one",
        "image": "",
        "data": {
            "label1": "Account Information",
            "label2": "Update Profile",
            "label3": "Change Password",
            "label4": "Update Password",
            "label5": "Plan Details",
            "label6": "Choose a Plan",
            "label7": "Upload Proile Image",
            "label8": "Drop Image here",
            "label9": "We are sorry to see you go :(",
            "label10": "Could you help us understand your reason ?",
            "label11": "Cancel Subscription",
            "label13": "All plan",
            "label14": "Selected",
            "label15": "/Billed",
            "label16": "First",
            "label17": "are free!",
            "label18": "Watch on Apps",
            "label19": "Access our entire library for unlimited binging on the culture",
            "label20": "Member-only events & VIP passes",
            "label21": "Access to all of our trailers",
            "label22": "Weekly digest of the latest films, up- dates, news & more",
            "label23": "No subscription plan is found",
            "label24": "Upload",
            "label25": "Cover & Profile Photo",
            "label26":"Profile Photo",
            "label27":"Cover Photo",
            "label28":"About",
            "label29":"Name" ,
            "label30":"Email" ,
            "label31":"Phone" ,
            "label32":"Current Password" ,
            "label33":"New Password" ,
            "label34":"Confirm Password" ,
            "label35": "Upload Cover Image",
            "label36": "Update",
            "label37": "Permanent Delete Of Account",
            "label38": "Please note account closure is a permanent action and once your account is closed it will no longer be available to you and cannot be restored. If you decide later that you want to start ordering from us again, or if you would like to use products and services that require an account, you will need to create a new account.",
            "label39": "Delete Account",
            "label40": "Delete Your Account?",
            "label41": "Are you sure you want to delete your account? Deleting your account will remove all your access to the account.",
            "label42": "Cancel",
            "label43": "Confirm",
            "label44": "Delete all the historical data permanently from the store"
        },
        "variable_data": { ":tab": "tab" },
        "description": "",
        "page_tag": "*",
        "path": "profile/profile-one.js",
        "category": "muvi"
    },
    "profile_two": {
        "variant_label": "Profile Two",
        "variant_name": "profile_two",
        "image": "",
        "data": {
            "label1": "Account Information",
            "label2": "Update Profile",
            "label3": "Change Password",
            "label4": "Update Password",
            "label5": "Plan Details",
            "label6": "Choose a Plan",
            "label7": "Upload Proile Image",
            "label8": "Drop Image here",
            "label9": "We are sorry to see you go :(",
            "label10": "Could you help us understand your reason ?",
            "label11": "Cancel Subscription",
            "label13": "All plan",
            "label14": "Selected",
            "label15": "/Billed",
            "label16": "First",
            "label17": "are free!",
            "label18": "Watch on Apps",
            "label19": "Access our entire library for unlimited binging on the culture",
            "label20": "Member-only events & VIP passes",
            "label21": "Access to all of our trailers",
            "label22": "Weekly digest of the latest films, up- dates, news & more",
            "label23": "No subscription plan is found",
            "label24": "Upload",
            "label25": "Cover & Profile Photo",
            "label26":"Profile Photo",
            "label27":"Cover Photo",
            "label28":"About",
            "label29":"Name" ,
            "label30":"Email" ,
            "label31":"Phone" ,
            "label32":"Current Password" ,
            "label33":"New Password" ,
            "label34":"Confirm Password" ,
            "label35": "Upload Cover Image",
            "label36": "Update",
            "label37": "Permanent Delete Of Account",
            "label38": "Please note account closure is a permanent action and once your account is closed it will no longer be available to you and cannot be restored. If you decide later that you want to start ordering from us again, or if you would like to use products and services that require an account, you will need to create a new account.",
            "label39": "Delete Account",
            "label40": "Delete Your Account?",
            "label41": "Are you sure you want to delete your account? Deleting your account will remove all your access to the account.",
            "label42": "Cancel",
            "label43": "Confirm",
            "label44": "Delete all the historical data permanently from the store"

        },
        "variable_data": { ":tab": "tab" },
        "description": "",
        "page_tag": "*",
        "path": "profile/profile-two.js",
        "category": "muvi"
    },
    "profile_three": {
        "variant_label": "Profile Three",
        "variant_name": "profile_three",
        "image": "",
        "data": {
            "label1": "Account Information",
            "label2": "Update Profile",
            "label3": "Change Password",
            "label4": "Update Password",
            "label5": "Plan Details",
            "label6": "Choose a Plan",
            "label7": "Upload Proile Image",
            "label8": "Drop Image here",
            "label9": "We are sorry to see you go :(",
            "label10": "Could you help us understand your reason ?",
            "label11": "Cancel Subscription",
            "label13": "All plan",
            "label14": "Selected",
            "label15": "/Billed",
            "label16": "First",
            "label17": "are free!",
            "label18": "Watch on Apps",
            "label19": "Access our entire library for unlimited binging on the culture",
            "label20": "Member-only events & VIP passes",
            "label21": "Access to all of our trailers",
            "label22": "Weekly digest of the latest films, up- dates, news & more",
            "label23": "No subscription plan is found",
            "label24": "Upload",
            "label25": "Cover & Profile Photo",
            "label26":"Profile Photo",
            "label27":"Cover Photo",
            "label28":"About",
            "label29":"Name" ,
            "label30":"Email" ,
            "label31":"Phone" ,
            "label32":"Current Password" ,
            "label33":"New Password" ,
            "label34":"Confirm Password" ,
            "label35": "Upload Cover Image",
            "label36": "Update",
            "label37": "Permanent Delete Of Account",
            "label38": "Please note account closure is a permanent action and once your account is closed it will no longer be available to you and cannot be restored. If you decide later that you want to start ordering from us again, or if you would like to use products and services that require an account, you will need to create a new account.",
            "label39": "Delete Account",
            "label40": "Delete Your Account?",
            "label41": "Are you sure you want to delete your account? Deleting your account will remove all your access to the account.",
            "label42": "Cancel",
            "label43": "Confirm",
            "label44": "Delete all the historical data permanently from the store"

        },
        "variable_data": { ":tab": "tab" },
        "description": "",
        "page_tag": "*",
        "path": "profile/profile-three.js",
        "category": "muvi"
    },
    "profile_four": {
        "variant_label": "Profile Four",
        "variant_name": "profile_four",
        "image": "",
        "data": {
            "label1": "Account Information",
            "label2": "Update Profile",
            "label3": "Change Password",
            "label4": "Update Password",
            "label5": "Plan Details",
            "label6": "Choose a Plan",
            "label7": "Upload Proile Image",
            "label8": "Drop Image here",
            "label9": "We are sorry to see you go :(",
            "label10": "Could you help us understand your reason ?",
            "label11": "Cancel Subscription",
            "label13": "All plan",
            "label14": "Selected",
            "label15": "/Billed",
            "label16": "First",
            "label17": "are free!",
            "label18": "Watch on Apps",
            "label19": "Access our entire library for unlimited binging on the culture",
            "label20": "Member-only events & VIP passes",
            "label21": "Access to all of our trailers",
            "label22": "Weekly digest of the latest films, up- dates, news & more",
            "label23": "No subscription plan is found",
            "label24": "Upload",
            "label25": "Cover & Profile Photo",
            "label26":"Profile Photo",
            "label27":"Cover Photo",
            "label28":"About",
            "label29":"Name" ,
            "label30":"Email" ,
            "label31":"Phone" ,
            "label32":"Current Password" ,
            "label33":"New Password" ,
            "label34":"Confirm Password" ,
            "label35": "Upload Cover Image",
            "label36": "Update",
            "label37": "Permanent Delete Of Account",
            "label38": "Please note account closure is a permanent action and once your account is closed it will no longer be available to you and cannot be restored. If you decide later that you want to start ordering from us again, or if you would like to use products and services that require an account, you will need to create a new account.",
            "label39": "Delete Account",
            "label40": "Delete Your Account?",
            "label41": "Are you sure you want to delete your account? Deleting your account will remove all your access to the account.",
            "label42": "Cancel",
            "label43": "Confirm",
            "label44": "Delete all the historical data permanently from the store"

        },
        "variable_data": { ":tab": "tab" },
        "description": "",
        "page_tag": "*",
        "path": "profile/profile-four.js",
        "category": "muvi"
    },
    "profile_five": {
        "variant_label": "Profile Five",
        "variant_name": "profile_five",
        "image": "",
        "data": {
            "label1": "Account Information",
            "label2": "Update Profile",
            "label3": "Change Password",
            "label4": "Update Password",
            "label5": "Plan Details",
            "label6": "Choose a Plan",
            "label7": "Upload Proile Image",
            "label8": "Drop Image here",
            "label9": "We are sorry to see you go :(",
            "label10": "Could you help us understand your reason ?",
            "label11": "Cancel Subscription",
            "label13": "All plan",
            "label14": "Selected",
            "label15": "/Billed",
            "label16": "First",
            "label17": "are free!",
            "label18": "Watch on Apps",
            "label19": "Access our entire library for unlimited binging on the culture",
            "label20": "Member-only events & VIP passes",
            "label21": "Access to all of our trailers",
            "label22": "Weekly digest of the latest films, up- dates, news & more",
            "label23": "No subscription plan is found",
            "label24": "Upload",
            "label25": "Cover & Profile Photo",
            "label26":"Profile Photo",
            "label27":"Cover Photo",
            "label28":"About",
            "label29":"Name" ,
            "label30":"Email" ,
            "label31":"Phone" ,
            "label32":"Current Password" ,
            "label33":"New Password" ,
            "label34":"Confirm Password" ,
            "label35": "Upload Cover Image",
            "label36": "Update",
            "label37": "Permanent Delete Of Account",
            "label38": "Please note account closure is a permanent action and once your account is closed it will no longer be available to you and cannot be restored. If you decide later that you want to start ordering from us again, or if you would like to use products and services that require an account, you will need to create a new account.",
            "label39": "Delete Account",
            "label40": "Delete Your Account?",
            "label41": "Are you sure you want to delete your account? Deleting your account will remove all your access to the account.",
            "label42": "Cancel",
            "label43": "Confirm",
            "label44": "Delete all the historical data permanently from the store"

        },
        "variable_data": { ":tab": "tab" },
        "description": "",
        "page_tag": "*",
        "path": "profile/profile-five.js",
        "category": "muvi"
    },
    "profile_six": {
        "variant_label": "Profile Six",
        "variant_name": "profile_six",
        "image": "",
        "data": {
            "label1": "Account Information",
            "label2": "Update Profile",
            "label3": "Change Password",
            "label4": "Update Password",
            "label5": "Plan Details",
            "label6": "Choose a Plan",
            "label7": "Upload Proile Image",
            "label8": "Drop Image here",
            "label9": "We are sorry to see you go :(",
            "label10": "Could you help us understand your reason ?",
            "label11": "Cancel Subscription",
            "label13": "All plan",
            "label14": "Selected",
            "label15": "/Billed",
            "label16": "First",
            "label17": "are free!",
            "label18": "Watch on Apps",
            "label19": "Access our entire library for unlimited binging on the culture",
            "label20": "Member-only events & VIP passes",
            "label21": "Access to all of our trailers",
            "label22": "Weekly digest of the latest films, up- dates, news & more",
            "label23": "No subscription plan is found",
            "label24": "Upload",
            "label25": "Cover & Profile Photo",
            "label26":"Profile Photo",
            "label27":"Cover Photo",
            "label28":"About",
            "label29":"Name" ,
            "label30":"Email" ,
            "label31":"Phone" ,
            "label32":"Current Password" ,
            "label33":"New Password" ,
            "label34":"Confirm Password" ,
            "label35": "Upload Cover Image",
            "label36": "Update",
            "label37": "Permanent Delete Of Account",
            "label38": "Please note account closure is a permanent action and once your account is closed it will no longer be available to you and cannot be restored. If you decide later that you want to start ordering from us again, or if you would like to use products and services that require an account, you will need to create a new account.",
            "label39": "Delete Account",
            "label40": "Delete Your Account?",
            "label41": "Are you sure you want to delete your account? Deleting your account will remove all your access to the account.",
            "label42": "Cancel",
            "label43": "Confirm",
            "label44": "Delete all the historical data permanently from the store"

        },
        "variable_data": { ":tab": "tab" },
        "description": "",
        "page_tag": "*",
        "path": "profile/profile-six.js",
        "category": "muvi"
    },
    "profile_seven": {
        "variant_label": "Profile Seven",
        "variant_name": "profile_seven",
        "image": "",
        "data": {
            "label1": "Account Information",
            "label2": "Update Profile",
            "label3": "Change Password",
            "label4": "Update Password",
            "label5": "Plan Details",
            "label6": "Choose a Plan",
            "label7": "Upload Proile Image",
            "label8": "Drop Image here",
            "label9": "We are sorry to see you go :(",
            "label10": "Could you help us understand your reason ?",
            "label11": "Cancel Subscription",
            "label13": "All plan",
            "label14": "Selected",
            "label15": "/Billed",
            "label16": "First",
            "label17": "are free!",
            "label18": "Watch on Apps",
            "label19": "Access our entire library for unlimited binging on the culture",
            "label20": "Member-only events & VIP passes",
            "label21": "Access to all of our trailers",
            "label22": "Weekly digest of the latest films, up- dates, news & more",
            "label23": "No subscription plan is found",
            "label24": "Upload",
            "label25": "Cover & Profile Photo",
            "label26":"Profile Photo",
            "label27":"Cover Photo",
            "label28":"About",
            "label29":"Name" ,
            "label30":"Email" ,
            "label31":"Phone" ,
            "label32":"Current Password" ,
            "label33":"New Password" ,
            "label34":"Confirm Password" ,
            "label35": "Upload Cover Image",
            "label36": "Update",
            "label37": "Permanent Delete Of Account",
            "label38": "Please note account closure is a permanent action and once your account is closed it will no longer be available to you and cannot be restored. If you decide later that you want to start ordering from us again, or if you would like to use products and services that require an account, you will need to create a new account.",
            "label39": "Delete Account",
            "label40": "Delete Your Account?",
            "label41": "Are you sure you want to delete your account? Deleting your account will remove all your access to the account.",
            "label42": "Cancel",
            "label43": "Confirm",
            "label44": "Delete all the historical data permanently from the store"

        },
        "variable_data": { ":tab": "tab" },
        "description": "",
        "page_tag": "*",
        "path": "profile/profile-seven.js",
        "category": "muvi"
    },
    "profile_eight": {
        "variant_label": "Profile Eight",
        "variant_name": "profile_eight",
        "image": "",
        "data": {
            "label1": "Account Information",
            "label2": "Update Profile",
            "label3": "Change Password",
            "label4": "Update Password",
            "label5": "Plan Details",
            "label6": "Choose a Plan",
            "label7": "Upload Proile Image",
            "label8": "Drop Image here",
            "label9": "We are sorry to see you go :(",
            "label10": "Could you help us understand your reason ?",
            "label11": "Cancel Subscription",
            "label13": "All plan",
            "label14": "Selected",
            "label15": "/Billed",
            "label16": "First",
            "label17": "are free!",
            "label18": "Watch on Apps",
            "label19": "Access our entire library for unlimited binging on the culture",
            "label20": "Member-only events & VIP passes",
            "label21": "Access to all of our trailers",
            "label22": "Weekly digest of the latest films, up- dates, news & more",
            "label23": "No subscription plan is found",
            "label24": "Upload",
            "label25": "Cover & Profile Photo",
            "label26":"Profile Photo",
            "label27":"Cover Photo",
            "label28":"About",
            "label29":"Name" ,
            "label30":"Email" ,
            "label31":"Phone" ,
            "label32":"Current Password" ,
            "label33":"New Password" ,
            "label34":"Confirm Password" ,
            "label35": "Upload Cover Image",
            "label36": "Update",
            "label37": "Permanent Delete Of Account",
            "label38": "Please note account closure is a permanent action and once your account is closed it will no longer be available to you and cannot be restored. If you decide later that you want to start ordering from us again, or if you would like to use products and services that require an account, you will need to create a new account.",
            "label39": "Delete Account",
            "label40": "Delete Your Account?",
            "label41": "Are you sure you want to delete your account? Deleting your account will remove all your access to the account.",
            "label42": "Cancel",
            "label43": "Confirm",
            "label44": "Delete all the historical data permanently from the store"

        },
        "variable_data": { ":tab": "tab" },
        "description": "",
        "page_tag": "*",
        "path": "profile/profile-eight.js",
        "category": "muvi"
    },
    "profile_nine": {
        "variant_label": "Profile Nine",
        "variant_name": "profile_nine",
        "image": "",
        "data": {
            "label1": "Account Information",
            "label2": "Update Profile",
            "label3": "Change Password",
            "label4": "Update Password",
            "label5": "Plan Details",
            "label6": "Choose a Plan",
            "label7": "Upload Proile Image",
            "label8": "Drop Image here",
            "label9": "We are sorry to see you go :(",
            "label10": "Could you help us understand your reason ?",
            "label11": "Cancel Subscription",
            "label13": "All plan",
            "label14": "Selected",
            "label15": "/Billed",
            "label16": "First",
            "label17": "are free!",
            "label18": "Watch on Apps",
            "label19": "Access our entire library for unlimited binging on the culture",
            "label20": "Member-only events & VIP passes",
            "label21": "Access to all of our trailers",
            "label22": "Weekly digest of the latest films, up- dates, news & more",
            "label23": "No subscription plan is found",
            "label24": "Upload",
            "label25": "Cover & Profile Photo",
            "label26":"Profile Photo",
            "label27":"Cover Photo",
            "label28":"About",
            "label29":"Name" ,
            "label30":"Email" ,
            "label31":"Phone" ,
            "label32":"Current Password" ,
            "label33":"New Password" ,
            "label34":"Confirm Password" ,
            "label35": "Upload Cover Image",
            "label36": "Update",
            "label37": "Permanent Delete Of Account",
            "label38": "Please note account closure is a permanent action and once your account is closed it will no longer be available to you and cannot be restored. If you decide later that you want to start ordering from us again, or if you would like to use products and services that require an account, you will need to create a new account.",
            "label39": "Delete Account",
            "label40": "Delete Your Account?",
            "label41": "Are you sure you want to delete your account? Deleting your account will remove all your access to the account.",
            "label42": "Cancel",
            "label43": "Confirm",
            "label44": "Delete all the historical data permanently from the store"

        },
        "variable_data": { ":tab": "tab" },
        "description": "",
        "page_tag": "*",
        "path": "profile/profile-nine.js",
        "category": "muvi"
    }
}
