{
    "my_library_one": {
        "variant_label": "My Library One",
        "variant_name": "my_library_one",
        "image": "",
        "data": { "label1": "My Library", "label2": "No data found" },
        "variable_data": {},
        "description": "",
        "page_tag": "*",
        "path": "my-library/my-library-one.js",
        "category": "muvi"
    },
    "my_library_two": {
        "variant_label": "My Library Two",
        "variant_name": "my_library_two",
        "image": "",
        "data": { "label1": "My Library" },
        "variable_data": {},
        "description": "",
        "page_tag": "*",
        "path": "my-library/my-library-two.js",
        "category": "muvi"
    },
    "my_library_six": {
        "variant_label": "My Library Six",
        "variant_name": "my_library_six",
        "image": "",
        "data": { "label1": "My Library" },
        "variable_data": {},
        "description": "",
        "page_tag": "*",
        "path": "my-library/my-library-six.js",
        "category": "muvi"
    }
}
