{
    "content_title_one": {
        "variant_label": "Epg Display One",
        "variant_name": "epg_display_one",
        "image": "",
        "data": {},
        "variable_data": {
            ":content": "content",
            ":userList":"userList"
        },
        "description": "This widget is used to show display the epg the muvi website frontend.",
        "page_tag": "*",
        "template_tag": "*",
        "path": "epg-display/epg-display-one.js",
        "category": "muvi"
    }
}