{
    "searchlistdetails_one": {
        "variant_label": "Searchlistdetails One",
        "variant_name": "searchlistdetails_one",
        "image": "",
        "data": {
            "label1": "Search Results for",
            "label2": "Play",
            "label3": "Play",
            "label4": "No Result found !",
            "label5": "Watch Trailer",
            "label6": "Play All",
            "label7": "Play",
            "label8":"Videos",
            "label9":"Audios",
            "label10":"Series",
            "label11":"Playlist",
            "label12":"UGC",
            "label13":"Minis",
            "label14":"Result showing for",
            "label15":"No Record Found"
        },
        "variable_data": { ":contentUuid": "contentUuid" },
        "description": "",
        "page_tag": "*",
        "path": "searchlistdetails/searchlistdetails-one.js",
        "category": "muvi"
    },
    "searchlistdetails_two": {
        "variant_label": "Searchlistdetails Two",
        "variant_name": "searchlistdetails_two",
        "image": "",
        "data": {
            "label1": "Search Results for",
            "label2": "Play",
            "label3": "Play",
            "label4": "No Result found !",
            "label5": "Watch Trailer",
            "label6": "Play All",
            "label7": "Play"
        },
        "variable_data": { ":contentUuid": "contentUuid" },
        "description": "",
        "page_tag": "*",
        "path": "searchlistdetails/searchlistdetails-two.js",
        "category": "muvi"
    },
    "searchlist_three": {
        "variant_label": "Searchlist Three",
        "variant_name": "searchlist_three",
        "image": "",
        "data": {
            "label1": "Search Results for",
            "label2": "Play",
            "label3": "Play",
            "label4": "No Result found !",
            "label5": "Watch Trailer",
            "label6": "Play All",
            "label7": "Play"
        },
        "variable_data": { ":contentUuid": "contentUuid" },
        "description": "",
        "page_tag": "*",
        "path": "searchlistdetails/searchlist-three.js",
        "category": "muvi"
    },
    "searchlistdetails_four": {
        "variant_label": "Searchlistdetails Four",
        "variant_name": "searchlistdetails_four",
        "image": "",
        "data": {
            "label1": "Search Results for",
            "label2": "Play",
            "label3": "Play",
            "label4": "No Result found !",
            "label5": "Watch Trailer",
            "label6": "Play All",
            "label7": "Play"
        },
        "variable_data": { ":contentUuid": "contentUuid" },
        "description": "",
        "page_tag": "*",
        "path": "searchlistdetails/searchlistdetails-four.js",
        "category": "muvi"
    },
    "searchlistdetails_five": {
        "variant_label": "Searchlistdetails Five",
        "variant_name": "searchlistdetails_five",
        "image": "",
        "data": {
            "label1": "Search Results for",
            "label2": "Play",
            "label3": "Play",
            "label4": "No Result found !",
            "label5": "Watch Trailer",
            "label6": "Play All",
            "label7": "Play",
            "label8":"Videos",
            "label9":"Audios",
            "label10":"Series",
            "label11":"Playlist",
            "label12":"UGC",
            "label13":"Minis",
            "label14":"Result showing for",
            "label15":"No Record Found"
        },
        "variable_data": { ":contentUuid": "contentUuid" },
        "description": "",
        "page_tag": "*",
        "path": "searchlistdetails/searchlistdetails-five.js",
        "category": "muvi"
    },
    "searchlistdetails_six": {
        "variant_label": "Searchlistdetails Six",
        "variant_name": "searchlistdetails_six",
        "image": "",
        "data": {
            "label1": "Search Results for",
            "label2": "Play",
            "label3": "Play",
            "label4": "No Result found !",
            "label5": "Watch Trailer",
            "label6": "Play All",
            "label7": "Play",
            "label8":"Videos",
            "label9":"Audios",
            "label10":"Series",
            "label11":"Playlist",
            "label12":"UGC",
            "label13":"Minis",
            "label14":" found for",
            "label15":"No Record Found"
        },
        "variable_data": { ":contentUuid": "contentUuid" },
        "description": "",
        "page_tag": "*",
        "path": "searchlistdetails/searchlistdetails-six.js",
        "category": "muvi"
    },
    "searchlistdetails_seven": {
        "variant_label": "Searchlistdetails Seven",
        "variant_name": "searchlistdetails_seven",
        "image": "",
        "data": {
            "label1": "Search Results for",
            "label2": "Play",
            "label3": "Play",
            "label4": "No Result found !",
            "label5": "Watch Trailer",
            "label6": "Play All",
            "label7": "Play",
            "label8":"Videos",
            "label9":"Audios",
            "label10":"Series",
            "label11":"Playlist",
            "label12":"UGC",
            "label13":"Minis",
            "label14":"Result showing for",
            "label15":"No Record Found"
        },
        "variable_data": { ":contentUuid": "contentUuid" },
        "description": "",
        "page_tag": "*",
        "path": "searchlistdetails/searchlistdetails-seven.js",
        "category": "muvi"
    }
}
