{
    "content_title_one": {
        "variant_label": "Content Title One",
        "variant_name": "content_title_one",
        "image": "",
        "data": {},
        "variable_data": {
            ":content": "content",
            ":userList":"userList"
        },
        "description": "This widget is used to show content title information along with its views and creator name.",
        "page_tag": "*",
        "template_tag": "*",
        "path": "content-title/content-title-one.js",
        "category": "muvi"
    },
    "content_title_six": {
        "variant_label": "Content Title Six",
        "variant_name": "content_title_six",
        "image": "",
        "data": {},
        "variable_data": {
            ":content": "content",
            ":userList":"userList"
        },
        "description": "This widget is used to show content title information along with its views and creator name.",
        "page_tag": "*",
        "template_tag": "*",
        "path": "content-title/content-title-six.js",
        "category": "muvi"
    }
    
}
