{
    "user_contents_one": {
        "variant_label": "User Contents One",
        "variant_name": "user_contents_one",
        "image": "",
        "data": {"label1":"All",
                    "label2":"Video",
                    "label3":"Audio",
                    "label4":"Playlist",
                    "label5":"About",
                    "label6":"UGC",
                    "label7":"Minis",
                    "label8":"Views",
                    "label9":"Play",
                    "label10":"Watch Trailer",
                    "label11":"Play All",
                    "label12":"No Content present."},
        "variable_data": {},
        "description": "User or partner Content listing for the User profile and partner profile",
        "page_tag": "*",
        "path": "user-contents/user-contents-one.js",
        "category": "muvi"
    },
     "user_contents_two": {
        "variant_label": "User Contents Two",
        "variant_name": "user_contents_two",
        "image": "",
        "data": {"label1":"All",
                    "label2":"Video",
                    "label3":"Audio",
                    "label4":"Playlist",
                    "label5":"About",
                    "label6":"UGC",
                    "label7":"Minis",
                    "label8":"Views",
                    "label9":"Play",
                    "label10":"Watch Trailer",
                    "label11":"Play All",
                    "label12":"No Content present."},
        "variable_data": {},
        "description": "User or partner Content listing for the User profile and partner profile",
        "page_tag": "*",
        "path": "user-contents/user-contents-two.js",
        "category": "muvi"
    },
     "user_contents_three": {
        "variant_label": "User Contents Three",
        "variant_name": "user_contents_three",
        "image": "",
        "data": {"label1":"All",
                    "label2":"Video",
                    "label3":"Audio",
                    "label4":"Playlist",
                    "label5":"About",
                    "label6":"UGC",
                    "label7":"Minis",
                    "label8":"Views",
                    "label9":"Play",
                    "label10":"Watch Trailer",
                    "label11":"Play All",
                    "label12":"No Content present."},
        "variable_data": {},
        "description": "User or partner Content listing for the User profile and partner profile",
        "page_tag": "*",
        "path": "user-contents/user-contents-three.js",
        "category": "muvi"
    },
     "user_contents_four": {
        "variant_label": "User Contents Three",
        "variant_name": "user_contents_four",
        "image": "",
        "data": {"label1":"All",
                    "label2":"Video",
                    "label3":"Audio",
                    "label4":"Playlist",
                    "label5":"About",
                    "label6":"UGC",
                    "label7":"Minis",
                    "label8":"Views",
                    "label9":"Play",
                    "label10":"Watch Trailer",
                    "label11":"Play All",
                    "label12":"No Content present."},
        "variable_data": {},
        "description": "User or partner Content listing for the User profile and partner profile",
        "page_tag": "*",
        "path": "user-contents/user-contents-three.js",
        "category": "muvi"
    }
}