{
    "featured_content_list_one": {
        "variant_label": "Featured Content List One",
        "variant_name": "featured_content_list_one",
        "image": "",
        "data": {},
        "variable_data": { ":contentUuid": "contentUuid" },
        "description": "",
        "page_tag": "*",
        "path": "featured-content-list/featured-content-list-one.js",
        "category": "muvi"
    },
    "featured_content_list_two": {
        "variant_label": "Featured Content List Two",
        "variant_name": "featured_content_list_two",
        "image": "",
        "data": {},
        "variable_data": { ":contentUuid": "contentUuid" },
        "description": "",
        "page_tag": "*",
        "path": "featured-content-list/featured-content-list-two.js",
        "category": "muvi"
    },
    "featured_content_list_three": {
        "variant_label": "Featured Content List Three",
        "variant_name": "featured_content_list_three",
        "image": "",
        "data": {},
        "variable_data": { ":contentUuid": "contentUuid" },
        "description": "",
        "page_tag": "*",
        "path": "featured-content-list/featured-content-list-three.js",
        "category": "muvi"
    },
    "featured_content_list_seven": {
        "variant_label": "Featured Content List Seven",
        "variant_name": "featured_content_list_seven",
        "image": "",
        "data": {},
        "variable_data": { ":contentUuid": "contentUuid" },
        "description": "This widget is used to show list of contents associated to a featured section.",
        "page_tag": "featured-contents",
        "template_tag": "*",
        "path": "featured-content-list/featured-content-list-seven.js",
        "category": "muvi"
    }
}
