{
    "login_one": {
        "variant_label": "Login One",
        "variant_name": "login_one",
        "image": "login_one.png",
        "data": {
            "label1": "Login to your account.",
            "label2": "Login with your email.",
            "label3": "Remember me",
            "label4": "Forgot Password?",
            "label5": "Login",
            "label6": " ",
            "label7": "Back to Sign Up"
        },
        "variable_data": {},
        "description": "",
        "page_tag": "*",
        "path": "login/login-one.js",
        "category": "muvi"
    },
    "login_two": {
        "variant_label": "Login Two",
        "variant_name": "login_two",
        "image": "login_two.png",
        "data": {
            "label1": "Login to your account.",
            "label2": "Login with your email.",
            "label3": "Remember me",
            "label4": "Forgot Password?",
            "label5": "Login",
            "label6": "Do not have an account?",
            "label7": "Sign Up"
        },
        "variable_data": {},
        "description": "",
        "page_tag": "*",
        "path": "login/login-two.js",
        "category": "muvi"
    },
    "login_three": {
        "variant_label": "Login Three",
        "variant_name": "login_three",
        "image": "login_three.png",
        "data": {
            "label1": "Login to your account.",
            "label2": "Login with your email.",
            "label3": "Remember me",
            "label4": "Forgot Password?",
            "label5": "Login",
            "label6": "",
            "label7": "Back to Sign Up"
        },
        "variable_data": {},
        "description": "",
        "page_tag": "*",
        "path": "login/login-three.js",
        "category": "muvi"
    },
    "login_six": {
        "variant_label": "Login Six",
        "variant_name": "login_six",
        "image": "login_two.png",
        "data": {
            "label1": "Login",
            "label2": "Enter your account details below",
            "label3": "Keep me signed in",
            "label4": "Forgot Password?",
            "label5": "Login",
            "label6": "",
            "label7": "Back to Sign Up",
            "label8": "willie.jennings@example.com",
            "label9": "******"
        },
        "variable_data": {},
        "description": "",
        "page_tag": "*",
        "path": "login/login-six.js",
        "category": "muvi"
    }
}
