{
    "content_addon_assets_one":
    {
        "variant_label": "Content Addon Assets One",
        "variant_name": "content_addon_assets_one",
        "image":"",
        "data": {"label1":"Play", "label2":"Watch Trailer", "label3": "Play All", "label4": "Play"},
        "variable_data":{":audioConfig":"audioConfig"},
        "description":"",
        "page_tag":"*",
        "path":"content-addon-assets/content-addon-assets-one.js",
        "category":"muvi"
    },
    "content_addon_assets_five": {
        "variant_label": "Content Addon Assets Five",
        "variant_name": "content_addon_assets_five",
        "image": "",
        "data": {
            "label1": "Play",
            "label2": "Watch Trailer",
            "label3": "Play All",
            "label4": "Play"
        },
        "variable_data": { ":audioConfig": "audioConfig" },
        "description": "",
        "page_tag": "*",
        "path": "content-addon-assets/content-addon-assets-five.js",
        "category": "muvi"
    }
}