{
    "billing_and_purchases_one": {
        "variant_label": "Billing and Purchases One",
        "variant_name": "billing_and_purchases_one",
        "image": "",
        "data": {
            "label1": "Card Information",
            "label2": "No Card Found, Please add",
            "label22": "a new card for payment",
            "label23": "* By clicking on Add Card, you will be charged a one time refundable amount of",
            "label24": "to verify your card.",
            "label3": "Primary",
            "label4": "Make Default",
            "label5": "Add New Card",
            "label6": "Selected",
            "label7": "No subscription plan is found",
            "label8": "Dismiss",
            "label9": "We are sorry to see you go :(",
            "label10": "Could you help us understand your reason ?",
            "label11": "Cancel Subscription",
            "label12": "Plan Details",
            "label13": "Purchase History",
            "label14": "Receipt",
            "label15": "No data found",
            "label16": "Proceed",
            "label17": "All plan",
            "label18": "Your card will be saved for future purchases and automatic renewals."
        },
        "description": "",
        "variable_data": { ":tab": "tab" },
        "page_tag": "*",
        "path": "billing-and-purchases/billing-and-purchases-one.js",
        "category": "muvi"
    },
    "billing_and_purchases_two": {
        "variant_label": "Billing and Purchases Two",
        "variant_name": "billing_and_purchases_two",
        "image": "",
        "data": {
            "label1": "Card Information",
            "label2": "No Card Found, Please add",
            "label22": "a new card for payment",
            "label23": "* By clicking on Add Card, you will be charged a one time refundable amount of",
            "label24": "to verify your card.",
            "label3": "Primary",
            "label4": "Make Default",
            "label5": "Add New Card",
            "label6": "Selected",
            "label7": "No subscription plan is found",
            "label8": "Dismiss",
            "label9": "We are sorry to see you go :(",
            "label10": "Could you help us understand your reason ?",
            "label11": "Cancel Subscription",
            "label12": "Plan Details",
            "label13": "Purchase History",
            "label14": "Receipt",
            "label15": "No data found",
            "label16": "Proceed",
            "label17": "All plan",
            "label18": "Your card will be saved for future purchases and automatic renewals."
        },
        "description": "",
        "variable_data": { ":tab": "tab" },
        "page_tag": "*",
        "path": "billing-and-purchases/billing-and-purchases-two.js",
        "category": "muvi"
    },
    "billing_and_purchases_three": {
        "variant_label": "Billing and Purchases Three",
        "variant_name": "billing_and_purchases_three",
        "image": "",
        "data": {
            "label1": "Card Information",
            "label2": "No Card Found, Please add",
            "label22": "a new card for payment",
            "label23": "* By clicking on Add Card, you will be charged a one time refundable amount of",
            "label24": "to verify your card.",
            "label3": "Primary",
            "label4": "Make Default",
            "label5": "Add New Card",
            "label6": "Selected",
            "label7": "No subscription plan is found",
            "label8": "Dismiss",
            "label9": "We are sorry to see you go :(",
            "label10": "Could you help us understand your reason ?",
            "label11": "Cancel Subscription",
            "label12": "Plan Details",
            "label13": "Purchase History",
            "label14": "Receipt",
            "label15": "No data found",
            "label16": "Proceed",
            "label17": "All plan",
            "label18": "Your card will be saved for future purchases and automatic renewals."
        },
        "description": "",
        "variable_data": { ":tab": "tab" },
        "page_tag": "*",
        "path": "billing-and-purchases/billing-and-purchases-three.js",
        "category": "muvi"
    },
    "billing_and_purchases_four": {
        "variant_label": "Billing and Purchases Four",
        "variant_name": "billing_and_purchases_four",
        "image": "",
        "data": {
            "label1": "Card Information",
            "label2": "No Card Found, Please add",
            "label22": "a new card for payment",
            "label23": "* By clicking on Add Card, you will be charged a one time refundable amount of",
            "label24": "to verify your card.",
            "label3": "Primary",
            "label4": "Make Default",
            "label5": "Add New Card",
            "label6": "Selected",
            "label7": "No subscription plan is found",
            "label8": "Dismiss",
            "label9": "We are sorry to see you go :(",
            "label10": "Could you help us understand your reason ?",
            "label11": "Cancel Subscription",
            "label12": "Plan Details",
            "label13": "Purchase History",
            "label14": "Receipt",
            "label15": "No data found",
            "label16": "Proceed",
            "label17": "All plan",
            "label18": "Your card will be saved for future purchases and automatic renewals."
        },
        "description": "",
        "variable_data": { ":tab": "tab" },
        "page_tag": "*",
        "path": "billing-and-purchases/billing-and-purchases-four.js",
        "category": "muvi"
    },
    "billing_and_purchases_five": {
        "variant_label": "Billing and Purchases Five",
        "variant_name": "billing_and_purchases_five",
        "image": "",
        "data": {
            "label1": "Card Information",
            "label2": "No Card Found, Please add",
            "label22": "a new card for payment",
            "label23": "* By clicking on Add Card, you will be charged a one time refundable amount of",
            "label24": "to verify your card.",
            "label3": "Primary",
            "label4": "Make Default",
            "label5": "Add New Card",
            "label6": "Selected",
            "label7": "No subscription plan is found",
            "label8": "Dismiss",
            "label9": "We are sorry to see you go :(",
            "label10": "Could you help us understand your reason ?",
            "label11": "Cancel Subscription",
            "label12": "Plan Details",
            "label13": "Purchase History",
            "label14": "Receipt",
            "label15": "No data found",
            "label16": "Proceed",
            "label17": "All plan",
            "label18": "Your card will be saved for future purchases and automatic renewals."
        },
        "description": "",
        "variable_data": { ":tab": "tab" },
        "page_tag": "*",
        "path": "billing-and-purchases/billing-and-purchases-five.js",
        "category": "muvi"
    },
    "billing_and_purchases_six": {
        "variant_label": "Billing and Purchases Six",
        "variant_name": "billing_and_purchases_six",
        "image": "",
        "data": {
            "label1": "Card Information",
            "label2": "No Card Found, Please add",
            "label22": "a new card for payment",
            "label23": "* By clicking on Add Card, you will be charged a one time refundable amount of",
            "label24": "to verify your card.",
            "label3": "Primary",
            "label4": "Make Default",
            "label5": "Add New Card",
            "label6": "Selected",
            "label7": "No subscription plan is found",
            "label8": "Dismiss",
            "label9": "We are sorry to see you go :(",
            "label10": "Could you help us understand your reason ?",
            "label11": "Cancel Subscription",
            "label12": "Plan Details",
            "label13": "Purchase History",
            "label14": "Receipt",
            "label15": "No data found",
            "label16": "Proceed",
            "label17": "All plan",
            "label18": "Your card will be saved for future purchases and automatic renewals."
        },
        "description": "",
        "variable_data": { ":tab": "tab" },
        "page_tag": "*",
        "path": "billing-and-purchases/billing-and-purchases-six.js",
        "category": "muvi"
    },
    "billing_and_purchases_seven": {
        "variant_label": "Billing and Purchases Seven",
        "variant_name": "billing_and_purchases_seven",
        "image": "",
        "data": {
            "label1": "Card Information",
            "label2": "No Card Found, Please add",
            "label22": "a new card for payment",
            "label23": "* By clicking on Add Card, you will be charged a one time refundable amount of",
            "label24": "to verify your card.",
            "label3": "Primary",
            "label4": "Make Default",
            "label5": "Add New Card",
            "label6": "Selected",
            "label7": "No subscription plan is found",
            "label8": "Dismiss",
            "label9": "We are sorry to see you go :(",
            "label10": "Could you help us understand your reason ?",
            "label11": "Cancel Subscription",
            "label12": "Plan Details",
            "label13": "Purchase History",
            "label14": "Receipt",
            "label15": "No data found",
            "label16": "Proceed",
            "label17": "All plan",
            "label18": "Your card will be saved for future purchases and automatic renewals."
        },
        "description": "",
        "variable_data": {":tab": "tab"},
        "page_tag": "*",
        "path": "billing-and-purchases/billing-and-purchases-seven.js",
        "category": "muvi"
    }
}
