{
    "resetpassword_one": {
        "variant_label": "Resetpassword One",
        "variant_name": "resetpassword_one",
        "image": "",
        "data": {
            "label1": "Reset Password",
            "label2": "Create an new password for your account by typing out the details below",
            "label3": "RESET PASSWORD",
            "label4": "Back to login"
        },
        "variable_data": {},
        "description": "",
        "page_tag": "*",
        "path": "resetpassword/resetpassword-one.js",
        "category": "muvi"
    },
    "resetpassword_two": {
        "variant_label": "Resetpassword Two",
        "variant_name": "resetpassword_two",
        "image": "",
        "data": {
            "label1": "Reset Password",
            "label2": "Create an new password for your account by typing out the details below",
            "label3": "RESET PASSWORD",
            "label4": "Back to login"
        },
        "variable_data": {},
        "description": "",
        "page_tag": "*",
        "path": "resetpassword/resetpassword-two.js",
        "category": "muvi"
    },
    "resetpassword_three": {
        "variant_label": "Resetpassword Three",
        "variant_name": "resetpassword_three",
        "image": "",
        "data": {
            "label1": "Reset Password",
            "label2": "Create an new password for your account by typing out the details below",
            "label3": "RESET PASSWORD",
            "label4": "Back to login"
        },
        "variable_data": {},
        "description": "",
        "page_tag": "*",
        "path": "resetpassword/resetpassword-three.js",
        "category": "muvi"
    },
    "resetpassword_six": {
        "variant_label": "Resetpassword Six",
        "variant_name": "resetpassword_six",
        "image": "",
        "data": {
            "label1": "Reset Password",
            "label2": "Create an new password for your account by typing out the details below",
            "label3": "RESET PASSWORD",
            "label4": "Back to login",
            "label5": "New Password",
            "label6": "Confirm Password"
        },
        "variable_data": {},
        "description": "",
        "page_tag": "*",
        "path": "resetpassword/resetpassword-six.js",
        "category": "muvi"
    }
}
