{
    "register_one": {
        "variant_label": "Register One",
        "variant_name": "register_one",
        "image": "register_one.png",
        "data": {
            "label1": "Create your Account",
            "label2": "By clicking “sign-up” you agree to our Terms of use & Privacy policy.",
            "label3": "sign-up",
            "label4": "Already have an account?",
            "label5": "Log in"
        },
        "variable_data": {},
        "description": "",
        "page_tag": "*",
        "path": "register/register-one.js",
        "category": "muvi"
    },
    "register_two": {
        "variant_label": "Register Two",
        "variant_name": "register_two",
        "image": "register_one.png",
        "data": {
            "label1": "Create your Account",
            "label2": "By clicking “sign-up” you agree to our Terms of use & Privacy policy.",
            "label3": "sign-up",
            "label4": "Already have an account?",
            "label5": "Log in"
        },
        "variable_data": {},
        "description": "",
        "page_tag": "*",
        "path": "register/register-two.js",
        "category": "muvi"
    },
    "register_three": {
        "variant_label": "Register Three",
        "variant_name": "register_three",
        "image": "register_three.png",
        "data": {
            "label1": "Sign up to",
            "label2": "Muvicademy" ,
            "label3": "Sign in with",
            "label4": "Creating an account means you're okay with our ",
            "label5": "Terms of Service"  ,
            "label6": "and our default " , 
            "label7": "Notification Settings"  ,
            "label8": "Create Account",
            "label9": "Already have an account? ",  
            "label10": "Login", 
            "label11": "Privacy Policy",   
            "label12": "First Name",   
            "label13": "Last Name",   
            "label14": "Email",   
            "label15": "Password",   
            "label16": "Confirm password",   
            "label17": "Or" 
        },
        "variable_data": {},
        "description": "",
        "page_tag": "*",
        "path": "register/register-three.js",
        "category": "muvi",
        "template_tag" : "citrine"
    },
    "register_six": {
        "variant_label": "Register Six",
        "variant_name": "register_six",
        "image": "register_one.png",
        "data": {
            "label1": "Register", 
            "label2": "&",
            "label3": "Sign Up",
            "label4": "Already have an account?",
            "label5": "Log in",
            "label6": "By clicking on “Sign Up” you agree to our",
            "label7": "Terms of use",
            "label8": "Privacy policy",
            "label9": "First Name",
            "label10": "Last Name",
            "label11": "youremail@example.com",
            "label12": "Password",
            "label13": "Confirm password" 
        },
        "variable_data": {},
        "description": "",
        "page_tag": "*",
        "path": "register/register-six.js",
        "category": "muvi"
    }
}
