{
    "playlist_details_one":
    {
        "variant_label": "Playlist Details One",
        "variant_name": "playlist_details_one",
        "image":"",
        "data": {"label3":"Play","label12":"Play","label13":"Watch Trailer","label19":"Play All"},
        "variable_data":{":contentUuid":"contentUuid"},
        "description":"",
        "page_tag":"*",
        "path":"playlist-details/playlist-details-one.js",
        "category":"muvi"
    },
    "playlist_details_six": {
        "variant_label": "Playlist Details Six",
        "variant_name": "playlist_details_six",
        "image": "",
        "data": {
            "label3": "Play",
            "label12": "Play",
            "label13": "Watch Trailer",
            "label19": "Play All"
        },
        "variable_data": { ":contentUuid": "contentUuid" },
        "description": "This widget is used to show the contents associated with the playlist.",
        "page_tag": "playlist-details",
        "template_tag": "*",
        "path": "playlist-details/playlist-details-six.js",
        "category": "muvi"
    }
}