{
    "footer_one": {
        "variant_label": "Footer One",
        "variant_name": "footer_one",
        "image": "",
        "data": {
            "label1": "There are many variations of passages of Lorem Ipsum available, but the majority have suffered alteration in some form, by injected humour, or randomised words",
            "label2": "Category",
            "label3": "<a href='javascrit:void(0);'>Action</a>",
            "label4": "<a href='javascrit:void(0);'>Comedy</a>",
            "label5": "<a href='/privacy-policy'>Privacy Policy</a>",
            "label6": "<a href='/terms-condition'>Terms and Conditions</a>",
            "label7": "Trending",
            "label8": "<a href='javascrit:void(0);'>Series One</a>",
            "label9": "<a href='javascrit:void(0);'>Movie One</a>",
            "label10": "<a href='javascrit:void(0);'>Single One</a>",
            "label11": "<a href='javascrit:void(0);'>Album One</a>",
            "label12": "Popular",
            "label13": "<a href='javascrit:void(0);'>Series One</a>",
            "label14": "<a href='javascrit:void(0);'>Movie One</a>",
            "label15": "<a href='javascrit:void(0);'>Single One</a>",
            "label16": "<a href='javascrit:void(0);'>Album One</a>",
            "label17": "Muvi Exclusive",
            "label18": "<a href='javascrit:void(0);'>Series One</a>",
            "label19": "<a href='javascrit:void(0);'>Movie One</a>",
            "label20": "<a href='javascrit:void(0);'>Single One</a>",
            "label21": "<a href='javascrit:void(0);'>Album One</a>",
            "label22": "<a href='https://www.facebook.com' rel='noopener noreferrer external'><i class='fab fa-facebook-f'></i></a>",
            "label23": "<a href='https://twitter.com' rel='noopener noreferrer external'><i class='fa-brands fa-x-twitter'></i></a>",
            "label24": "<a href='https://www.instagram.com' rel='noopener noreferrer external'><i class='fab fa-instagram'></i></a>",
            "label25": "<a href='https://www.youtube.com/' rel='noopener noreferrer external'><i class='fab fa-youtube'></i></a>",
            "label26": "&copy;2022 Muvi Entertainment Ltd."
        },
        "variable_data": {},
        "description": "",
        "page_tag": "*",
        "path": "footer/footer-one.js",
        "category": "muvi"
    },
    "footer_two": {
        "variant_label": "Footer Two",
        "variant_name": "footer_two",
        "image": "",
        "data": {
            "label1": "There are many variations of passages of Lorem Ipsum available, but the majority have suffered alteration in some form, by injected humour, or randomised words",
            "label2": "Category",
            "label3": "<a href='javascrit:void(0);'>Action</a>",
            "label4": "<a href='javascrit:void(0);'>Comedy</a>",
            "label5": "<a href='/privacy-policy'>Privacy Policy</a>",
            "label6": "<a href='/terms-condition'>Terms and Conditions</a>",
            "label7": "Trending",
            "label8": "<a href='javascrit:void(0);'>Series One</a>",
            "label9": "<a href='javascrit:void(0);'>Movie One</a>",
            "label10": "<a href='javascrit:void(0);'>Single One</a>",
            "label11": "<a href='javascrit:void(0);'>Album One</a>",
            "label12": "Popular",
            "label13": "<a href='javascrit:void(0);'>Series One</a>",
            "label14": "<a href='javascrit:void(0);'>Movie One</a>",
            "label15": "<a href='javascrit:void(0);'>Single One</a>",
            "label16": "<a href='javascrit:void(0);'>Album One</a>",
            "label17": "Muvi Exclusive",
            "label18": "<a href='javascrit:void(0);'>Series One</a>",
            "label19": "<a href='javascrit:void(0);'>Movie One</a>",
            "label20": "<a href='javascrit:void(0);'>Single One</a>",
            "label21": "<a href='javascrit:void(0);'>Album One</a>",
            "label22": "<a href='https://www.facebook.com' rel='noopener noreferrer external'><i class='fab fa-facebook-f'></i></a>",
            "label23": "<a href='https://twitter.com' rel='noopener noreferrer external'><i class='fa-brands fa-x-twitter'></i></a>",
            "label24": "<a href='https://www.instagram.com' rel='noopener noreferrer external'><i class='fab fa-instagram'></i></a>",
            "label25": "<a href='https://www.youtube.com/' rel='noopener noreferrer external'><i class='fab fa-youtube'></i></a>",
            "label26": "&copy;2022 Muvi Entertainment Ltd."
        },
        "variable_data": {},
        "description": "",
        "page_tag": "*",
        "path": "footer/footer-two.js",
        "category": "muvi"
    },
    "footer_three": {
        "variant_label": "Footer Three",
        "variant_name": "footer_three",
        "image": "",
        "data": {
            "label1": "There are many variations of passages of Lorem Ipsum available, but the majority have suffered alteration in some form, by injected humour, or randomised words",
            "label2": "Category",
            "label3": "<a href='javascrit:void(0);'>Action</a>",
            "label4": "<a href='javascrit:void(0);'>Comedy</a>",
            "label5": "<a href='/privacy-policy'>Privacy Policy</a>",
            "label6": "<a href='/terms-condition'>Terms and Conditions</a>",
            "label7": "Trending",
            "label8": "<a href='javascrit:void(0);'>Series One</a>",
            "label9": "<a href='javascrit:void(0);'>Movie One</a>",
            "label10": "<a href='javascrit:void(0);'>Single One</a>",
            "label11": "<a href='javascrit:void(0);'>Album One</a>",
            "label12": "Popular",
            "label13": "<a href='javascrit:void(0);'>Series One</a>",
            "label14": "<a href='javascrit:void(0);'>Movie One</a>",
            "label15": "<a href='javascrit:void(0);'>Single One</a>",
            "label16": "<a href='javascrit:void(0);'>Album One</a>",
            "label17": "Muvi Exclusive",
            "label18": "<a href='javascrit:void(0);'>Series One</a>",
            "label19": "<a href='javascrit:void(0);'>Movie One</a>",
            "label20": "<a href='javascrit:void(0);'>Single One</a>",
            "label21": "<a href='javascrit:void(0);'>Album One</a>",
            "label22": "<a href='https://www.facebook.com' rel='noopener noreferrer external'><i class='fab fa-facebook-f'></i></a>",
            "label23": "<a href='https://twitter.com' rel='noopener noreferrer external'><i class='fa-brands fa-x-twitter'></i></a>",
            "label24": "<a href='https://www.instagram.com' rel='noopener noreferrer external'><i class='fab fa-instagram'></i></a>",
            "label25": "<a href='https://www.youtube.com/' rel='noopener noreferrer external'><i class='fab fa-youtube'></i></a>",
            "label26": "&copy;2022 Muvi Entertainment Ltd."
        },
        "variable_data": {},
        "description": "",
        "page_tag": "*",
        "path": "footer/footer-three.js",
        "category": "muvi",
        "template_tag" : "citrine"
    },
    "footer_seven": {
        "variant_label": "Footer Seven",
        "variant_name": "footer_seven",
        "image": "",
        "data": {
            "label1": "There are many variations of passages of Lorem Ipsum available, but the majority have suffered alteration in some form, by injected humour, or randomised words",
            "label2": "Category",
            "label3": "<a href='javascrit:void(0);'>Action</a>",
            "label4": "<a href='javascrit:void(0);'>Comedy</a>",
            "label5": "<a href='/privacy-policy'>Privacy Policy</a>",
            "label6": "<a href='/terms-condition'>Terms and Conditions</a>",
            "label7": "Trending",
            "label8": "<a href='javascrit:void(0);'>Series One</a>",
            "label9": "<a href='javascrit:void(0);'>Movie One</a>",
            "label10": "<a href='javascrit:void(0);'>Single One</a>",
            "label11": "<a href='javascrit:void(0);'>Album One</a>",
            "label12": "Popular",
            "label13": "<a href='javascrit:void(0);'>Series One</a>",
            "label14": "<a href='javascrit:void(0);'>Movie One</a>",
            "label15": "<a href='javascrit:void(0);'>Single One</a>",
            "label16": "<a href='javascrit:void(0);'>Album One</a>",
            "label17": "Muvi Exclusive",
            "label18": "<a href='javascrit:void(0);'>Series One</a>",
            "label19": "<a href='javascrit:void(0);'>Movie One</a>",
            "label20": "<a href='javascrit:void(0);'>Single One</a>",
            "label21": "<a href='javascrit:void(0);'>Album One</a>",
            "label22": "<a href='https://www.facebook.com' rel='noopener noreferrer external'><i class='fab fa-facebook-f'></i></a>",
            "label23": "<a href='https://twitter.com' rel='noopener noreferrer external'><i class='fa-brands fa-x-twitter'></i></a>",
            "label24": "<a href='https://www.instagram.com' rel='noopener noreferrer external'><i class='fab fa-instagram'></i></a>",
            "label25": "<a href='https://www.youtube.com/' rel='noopener noreferrer external'><i class='fab fa-youtube'></i></a>",
            "label26": "&copy;2022 Muvi Entertainment Ltd.",
            "label27": "Social Link",
            "label28": "Office",
            "label29": "In case of any concern, ",
            "label30": "<a href='javascrit:void(0);'>contact us</a>",
            "label31": "We are digital agency, a small design agency based in paris as i was groping to remove the chain from about my victim’s neck only through language."
        },
        "variable_data": {},
        "description": "",
        "page_tag": "*",
        "path": "footer/footer-seven.js",
        "category": "muvi"
    }
}
