{
    "banner_one": {
        "variant_label": "Banner One",
        "variant_name": "banner_one",
        "image": "banner_one.png",
        "data": {
            "label1": "Subscribe Now For One Month Free",
            "label2": "Subscribe Now"
        },
        "variable_data": {},
        "description": "",
        "page_tag": "*",
        "path": "banner/banner-one.js",
        "category": "muvi"
    },
    "banner_two": {
        "variant_label": "Banner Two",
        "variant_name": "banner_two",
        "image": "banner_two.png",
        "data": {
            "label1": "Dark Passion",
            "label2": "war hands",
            "label3": "The Mandalorian"
        },
        "variable_data": {},
        "description": "",
        "page_tag": "*",
        "path": "banner/banner-two.js",
        "category": "muvi"
    },
    "banner_three": {
        "variant_label": "Banner Three",
        "variant_name": "banner_three",
        "image": "banner_three.png",
        "data": {
            "label1": "Fly high",
            "label2": "with",
            "label3": "Muvicademy",
            "label4": "Lorem ipsum dolor sit amet, consectetur adipiscing elit. Phasellus pulvinar sit mattis diam volutpat mauris, vitae. Nec ut pellentesque urna sagittis ut. Dignissim non, ac aliquet ipsum, laoreet cursus porttitor sed tristique.",
            "label5": "Register here"
        },
        "variable_data": {},
        "description": "",
        "page_tag": "*",
        "path": "banner/banner-three.js",
        "category": "muvi",
        "template_tag" : "citrine"
    },
    "banner_seven": {
        "variant_label": "Banner Seven",
        "variant_name": "banner_seven",
        "image": "banner_one.png",
        "data": {
            "label1": "Unlimited movies, & TV",
            "label2": "Watch Now",
            "label3": "IMDb 6.7",
            "label4": "SEASON 1",
            "label5": "2020",
            "label6": "HD",
            "label7": "16+",
            "label8": "2 h 20 min",
            "label9": "Lorem ipsum dolor sit amet, consectetur adipiscing elit, sed do eiusmod tempor incididunt ut labore et dolore magna aliqua."
        },
        "variable_data": {},
        "description": "",
        "page_tag": "*",
        "path": "banner/banner-seven.js",
        "category": "muvi"
    }
}
