{
    "forgotpwd_one": {
        "variant_label": "Forgotpwd One",
        "variant_name": "forgotpwd_one",
        "image": "",
        "data": {
            "label1": "Password recovery",
            "label2": "Enter your registered email below to receive password reset instructions.",
            "label3": "SUBMIT",
            "label4": "Back to login"
        },
        "variable_data": {},
        "description": "",
        "page_tag": "*",
        "path": "forgotpwd/forgotpwd-one.js",
        "category": "muvi"
    },
    "forgotpwd_two": {
        "variant_label": "Forgotpwd Two",
        "variant_name": "forgotpwd_two",
        "image": "",
        "data": {
            "label1": "Password recovery",
            "label2": "Enter your registered email below to receive password reset instructions.",
            "label3": "SUBMIT",
            "label4": "Back to login"
        },
        "variable_data": {},
        "description": "",
        "page_tag": "*",
        "path": "forgotpwd/forgotpwd-two.js",
        "category": "muvi"
    },

    "forgotpwd_three": {
        "variant_label": "Forgotpwd Three",
        "variant_name": "forgotpwd_three",
        "image": "",
        "data": {
            "label1": "Password recovery",
            "label2": "Enter your registered email below to receive password reset instructions.",
            "label3": "SUBMIT",
            "label4": "Back to login"
        },
        "variable_data": {},
        "description": "",
        "page_tag": "*",
        "path": "forgotpwd/forgotpwd-three.js",
        "category": "muvi"
    },
    "forgotpwd_six": {
        "variant_label": "Forgotpwd Six",
        "variant_name": "forgotpwd_six",
        "image": "",
        "data": {
            "label1": "Forgot Password",
            "label2": "Enter your details to recieve a reset link",
            "label3": "Send Link",
            "label4": "Back to login",
            "label5": "willie.jennings@example.com"
        },
        "variable_data": {},
        "description": "",
        "page_tag": "*",
        "path": "forgotpwd/forgotpwd-six.js",
        "category": "muvi"
    }
}
