{
    "my_favorites_one": {
        "variant_label": "My Favorites One",
        "variant_name": "my_favorites_one",
        "image": "",
        "data": {
            "label1": "My Favorites",
            "label2": "Play",
            "label3": "Watch Trailer",
            "label4": "Play All",
            "label5": "Play"
        },
        "description": "",
        "variable_data": {},
        "page_tag": "*",
        "path": "my-favorites/my-favorites-one.js",
        "category": "muvi"
    },
    "my_favorites_two": {
        "variant_label": "My Favorites Two",
        "variant_name": "my_favorites_two",
        "image": "",
        "data": {
            "label1": "My Favorites",
            "label2": "Play",
            "label3": "Watch Trailer",
            "label4": "Play All",
            "label5": "Play"
        },
        "description": "",
        "variable_data": {},
        "page_tag": "*",
        "path": "my-favorites/my-favorites-two.js",
        "category": "muvi"
    },
    "my_favorites_three": {
        "variant_label": "My Favorites Three",
        "variant_name": "my_favorites_three",
        "image": "",
        "data": {
            "label1": "My Favorites",
            "label2": "Play",
            "label3": "Watch Trailer",
            "label4": "Play All",
            "label5": "Play"
        },
        "description": "",
        "variable_data": {},
        "page_tag": "*",
        "path": "my-favorites/my-favorites-three.js",
        "category": "muvi"
    },
    "my_favorites_seven": {
        "variant_label": "My Favorites Seven",
        "variant_name": "my_favorites_seven",
        "image": "",
        "data": {
            "label1": "My Favorites",
            "label2": "Play",
            "label3": "Watch Trailer",
            "label4": "Play All",
            "label5": "Play"
        },
        "variable_data": {},
        "description": "This widget is used to list favourite contents.",
        "page_tag": "*",
        "template_tag": "*",
        "path": "my-favorites/my-favorites-seven.js",
        "category": "muvi"
    }
}
