{
    "content_hover_one": {
        "variant_label": "Content Hover One",
        "variant_name": "content_hover_one",
        "image": "",
        "data": {},
        "variable_data": {
            ":content": "content",
            ":playNowBtnTxt": "playNowBtnTxt",
            ":viewTrailerBtnTxt": "viewTrailerBtnTxt",
            ":playAllBtnTxt": "playAllBtnTxt",
            ":watchNowBtnTxt": "watchNowBtnTxt",
            ":isLogedIn": "isLogedIn",
            ":isAddOn": "isAddOn",
            ":contentPermalinkAddon": "contentPermalinkAddon"
        },
        "description": "",
        "page_tag": "*",
        "path": "content-hover/content-hover-one.js",
        "category": "muvi"
    },
    "content_hover_two": {
        "variant_label": "Content Hover Two",
        "variant_name": "content_hover_two",
        "image": "",
        "data": {},
        "variable_data": {
            ":content": "content",
            ":playNowBtnTxt": "playNowBtnTxt",
            ":viewTrailerBtnTxt": "viewTrailerBtnTxt",
            ":playAllBtnTxt": "playAllBtnTxt",
            ":watchNowBtnTxt": "watchNowBtnTxt",
            ":isLogedIn": "isLogedIn",
            ":isAddOn": "isAddOn",
            ":contentPermalinkAddon": "contentPermalinkAddon"
        },
        "description": "",
        "page_tag": "*",
        "path": "content-hover/content-hover-two.js",
        "category": "muvi"
    },
    "content_hover_three": {
        "variant_label": "Content Hover Three",
        "variant_name": "content_hover_three",
        "image": "",
        "data": {},
        "variable_data": {
            ":content": "content",
            ":playNowBtnTxt": "playNowBtnTxt",
            ":viewTrailerBtnTxt": "viewTrailerBtnTxt",
            ":playAllBtnTxt": "playAllBtnTxt",
            ":watchNowBtnTxt": "watchNowBtnTxt",
            ":isLogedIn": "isLogedIn",
            ":isAddOn": "isAddOn",
            ":contentPermalinkAddon": "contentPermalinkAddon"
        },
        "description": "",
        "page_tag": "*",
        "path": "content-hover/content-hover-three.js",
        "category": "muvi"
    },
    "content_hover_seven": {
        "variant_label": "Content Hover Seven",
        "variant_name": "content_hover_seven",
        "image": "",
        "data": {},
        "variable_data": {
            ":content": "content",
            ":playNowBtnTxt": "playNowBtnTxt",
            ":viewTrailerBtnTxt": "viewTrailerBtnTxt",
            ":playAllBtnTxt": "playAllBtnTxt",
            ":watchNowBtnTxt": "watchNowBtnTxt",
            ":isLogedIn": "isLogedIn",
            ":isAddOn": "isAddOn",
            ":contentPermalinkAddon": "contentPermalinkAddon"
        },
        "description": "This widget is used to show play button while hovering on the valid content.",
        "page_tag": "*",
        "template_tag": "*",
        "path": "content-hover/content-hover-seven.js",
        "category": "muvi"
    }
}
