{
    "content_title_one": {
        "variant_label": "Epg Display Details",
        "variant_name": "epg_display_details_one",
        "image": "",
        "data": {
            "label2": "..ReadMore",
            "label3": "Play",
            "label12": "Play",
            "label13": "Watch Trailer",
            "label19": "Play All"
        },
        "variable_data": {
            ":content": "content",
            ":userList":"userList"
        },
        "description": "This widget is used to  display the epg the single channel details in muvi website frontend.",
        "page_tag": "*",
        "template_tag": "*",
        "path": "epg-display-details/epg-display-details-one.js",
        "category": "muvi"
    }
}