{
    "navbar_one": {
        "variant_label": "Navbar One",
        "variant_name": "navbar_one",
        "image": "",
        "data": {
            "label1": "Toggle Dropdown",
            "label2": "About Us",
            "label3": "Contact",
            "label4": "No result found",
            "label5": "Signup",
            "label6": "Login",
            "label7": "My Profile",
            "label8": "Sign Out"
        },
        "description": "",
        "variable_data": {},
        "page_tag": "*",
        "path": "navbar/navbar-one.js",
        "category": "muvi"
    },
    "navbar_two": {
        "variant_label": "Navbar Two",
        "variant_name": "navbar_two",
        "image": "",
        "data": {
            "label1": "Toggle Dropdown",
            "label2": "About Us",
            "label3": "Contact",
            "label4": "No result found",
            "label5": "Signup",
            "label6": "Login",
            "label7": "My Profile",
            "label8": "Sign Out"
        },
        "description": "",
        "variable_data": {},
        "page_tag": "*",
        "path": "navbar/navbar-two.js",
        "category": "muvi"
    },
    "navbar_three": {
        "variant_label": "Navbar Three",
        "variant_name": "navbar_three",
        "image": "",
        "data": {
            "label1": "Toggle Dropdown",
            "label2": "About Us",
            "label3": "Contact",
            "label4": "No result found",
            "label5": "Signup",
            "label6": "Login",
            "label7": "My Profile",
            "label8": "Sign Out",
            "label9":"<a vd-node='link' href='javascrit:void(0);' class='callByAjax'>Welcome</a>",
            "label10":"<a vd-node='link' href='javascrit:void(0);' class='callByAjax'>Call +00 9988776655</a>",
            "label11":"Follow Us",  
            "label12":"Search" , 
            "label13":"Search" , 
            "label14":"<a vd-name='facebook' href='https://www.facebook.com/muvidotcom' rel='noopener noreferrer external'><i class='fab fa-facebook-f'></i></a>",
            "label15":"<a vd-name='twitter' href='https://twitter.com/muvi' rel='noopener noreferrer external' ><i class='fa-brands fa-x-twitter'></i></a>",
            "label16":"<a vd-name='instagram' href='https://www.instagram.com/muvi_com/' rel='noopener noreferrer external' ><i class='fab fa-instagram'></i></a>",
            "label17":"<a vd-name='youtube' href='https://www.youtube.com/c/MuviLLC' rel='noopener noreferrer external'><i class='fab fa-youtube'></i></a>"
        },
        "description": "",
        "variable_data": {},
        "page_tag": "*",
        "path": "navbar/navbar-three.js",
        "category": "muvi",
        "template_tag" : "citrine"
    },
    "navbar_eight": {
        "variant_label": "Navbar eight",
        "variant_name": "navbar_eight",
        "image": "",
        "data": {
            "label1": "Toggle Dropdown",
            "label2": "About Us",
            "label3": "Contact",
            "label4": "No result found",
            "label5": "Signup",
            "label6": "Login",
            "label7": "My Profile",
            "label8": "Sign Out"
        },
        "description": "",
        "variable_data": {},
        "page_tag": "*",
        "path": "navbar/navbar-eight.js",
        "category": "muvi"
    }
}
