{
    "child_list_one": {
        "variant_label": "Child List One",
        "variant_name": "child_list_one",
        "image": "",
        "data": {},
        "variable_data": {
            ":contentUuid": "contentUuid",
            ":contentGroupDetails": "contentGroupDetails",
            ":parentContent": "parentContent",
            ":playNowBtnTxt": "playNowBtnTxt",
            ":viewTrailerBtnTxt": "viewTrailerBtnTxt",
            ":playAllBtnTxt": "playAllBtnTxt",
            ":watchNowBtnTxt": "watchNowBtnTxt",
            ":optView": "optView",
            ":isLogedIn": "isLogedIn",
            ":freeContentText": "Free"
        },
        "description": "",
        "page_tag": "*",
        "path": "child-list/child-list-one.js",
        "category": "muvi"
    },
    "child_list_two": {
        "variant_label": "Child List Two",
        "variant_name": "child_list_two",
        "image": "",
        "data": {},
        "variable_data": {
            ":contentUuid": "contentUuid",
            ":contentGroupDetails": "contentGroupDetails",
            ":parentContent": "parentContent",
            ":playNowBtnTxt": "playNowBtnTxt",
            ":viewTrailerBtnTxt": "viewTrailerBtnTxt",
            ":playAllBtnTxt": "playAllBtnTxt",
            ":watchNowBtnTxt": "watchNowBtnTxt",
            ":optView": "optView",
            ":isLogedIn": "isLogedIn",
            ":freeContentText": "Free"
        },
        "description": "",
        "page_tag": "*",
        "path": "child-list/child-list-two.js",
        "category": "muvi"
    },
    "child_list_three": {
        "variant_label": "Child List Three",
        "variant_name": "child_list_three",
        "image": "",
        "data": {},
        "variable_data": {
            ":contentUuid": "contentUuid",
            ":contentGroupDetails": "contentGroupDetails",
            ":parentContent": "parentContent",
            ":playNowBtnTxt": "playNowBtnTxt",
            ":viewTrailerBtnTxt": "viewTrailerBtnTxt",
            ":playAllBtnTxt": "playAllBtnTxt",
            ":watchNowBtnTxt": "watchNowBtnTxt",
            ":optView": "optView",
            ":isLogedIn": "isLogedIn"
        },
        "description": "",
        "page_tag": "*",
        "path": "child-list/child-list-three.js",
        "category": "muvi"
    },
    "child_list_four": {
        "variant_label": "Child List Four",
        "variant_name": "child_list_four",
        "image": "",
        "data": {},
        "variable_data": {
            ":contentUuid": "contentUuid",
            ":contentGroupDetails": "contentGroupDetails",
            ":parentContent": "parentContent",
            ":playNowBtnTxt": "playNowBtnTxt",
            ":viewTrailerBtnTxt": "viewTrailerBtnTxt",
            ":playAllBtnTxt": "playAllBtnTxt",
            ":watchNowBtnTxt": "watchNowBtnTxt",
            ":optView": "optView",
            ":isLogedIn": "isLogedIn"
        },
        "description": "",
        "page_tag": "*",
        "path": "child-list/child-list-four.js",
        "category": "muvi"
    },
    "child_list_six": {
        "variant_label": "Child List Six",
        "variant_name": "child_list_six",
        "image": "",
        "data": {},
        "variable_data": {
            ":contentUuid": "contentUuid",
            ":contentGroupDetails": "contentGroupDetails",
            ":parentContent": "parentContent",
            ":playNowBtnTxt": "playNowBtnTxt",
            ":viewTrailerBtnTxt": "viewTrailerBtnTxt",
            ":playAllBtnTxt": "playAllBtnTxt",
            ":watchNowBtnTxt": "watchNowBtnTxt",
            ":optView": "optView",
            ":isLogedIn": "isLogedIn"
        },
        "description": "",
        "page_tag": "*",
        "path": "child-list/child-list-six.js",
        "category": "muvi"
    },
    "child_list_eight": {
        "variant_label": "Child List Eight",
        "variant_name": "child_list_eight",
        "image": "",
        "data": {},
        "variable_data": {
            ":contentUuid": "contentUuid",
            ":contentGroupDetails": "contentGroupDetails",
            ":parentContent": "parentContent",
            ":playNowBtnTxt": "playNowBtnTxt",
            ":viewTrailerBtnTxt": "viewTrailerBtnTxt",
            ":playAllBtnTxt": "playAllBtnTxt",
            ":watchNowBtnTxt": "watchNowBtnTxt",
            ":optView": "optView",
            ":isLogedIn": "isLogedIn"
        },
        "description": "This widget is used to show list of child contents with grid and list view.",
        "page_tag": "content",
        "template_tag": "*",
        "path": "child-list/child-list-eight.js",
        "category": "muvi"
    }
}
